EDCS-ID	publication	province	place	dating from	dating to	status	inscription	Material	Comment	Links	Latitude	Longitude	TM Place	language	photo
EDCS-22300117	CIL 03, 00217 = AE 2008, +00023	Cyprus	?			milites; tria nomina; viri	Q(uintus) Firmius C(ai) f(ilius) Rom(ilia) Ates / |(centurio) leg(ionis) III Gallicae			http://db.edcs.eu/epigr/partner.php?s_language=en&param=CO0012270 | http://cil.bbaw.de/dateien/cil_view.php?KO=KO0012270	35.051359	33.221283			
EDCS-31200870	CIL 03, 12114	Cyprus	?			nomen singulare; sigilla impressa; tituli fabricationis; viri	Fausti	opus figlinae			35.051359	33.221283			
EDCS-31200871	CIL 03, 12115	Cyprus	?			sigilla impressa; tituli fabricationis	Spe()	opus figlinae			35.051359	33.221283			
EDCS-73800031	EDCS 00752 {Manfred Clauss}	Cyprus	?			sigilla impressa; tituli fabricationis; tria nomina; viri	C(ai) Bellici / Zmaragdi	opus figlinae	cf.: Metropolitan Museum of Art New York; Accession number: 74.51.2428		35.051359	33.221283			http://db.edcs.eu/epigr/bilder.php?bilder.php?s_language=en&bild=$EDCS_00752.jpg;$EDCS_00752_1.jpg
EDCS-25300397	RACyprus 00029	Cyprus	?								35.051359	33.221283		GR	
EDCS-69200480	AE 2013, 01678	Cyprus	Amathussa / Amathus / Amathous / Amathonte	20	20	Augusti/Augustae; mulieres; tituli honorarii; tituli sacri; viri	[Ti(berio) C]aesare divi Aug(usti) f(ilio) Augusto div[i Iuli nep(ote) pont(ifice)] / [max(imo) c]o(n)s(ule) III tr(ibunicia) potest(ate) XXII anno VI Iulia Augus[ta divi Aug(usti) uxo]/[re ma]tre Ti(beri) Caesaris Aug(usti) et Drusi Caesaris av[ia Gaio Iulio] / [Germ]anico Caesari Ti(beri) Caesaris Aug(usti) f(ilio) divi Au[gusti nep(oti)				34.7152993	33.153963			
EDCS-69200481	AE 2013, 01679	Cyprus	Amathussa / Amathus / Amathous / Amathonte	1	250	ordo senatorius; tituli sacri; tria nomina; viri	] / Imp(eratori?) sacrum Ama[thousiorum civitas(?)] / Abidio Gallo proq(uaestore) s[				34.7152993	33.153963			
EDCS-07600456	Louvre 00923 = AE 1986, 00692	Cyprus	Amathussa / Amathus / Amathous / Amathonte			ordo senatorius; tituli operum; tituli sacri; viri	[1 Crep]ereius pro[consul 3] / [mo]numentum si[gnumq(ue) 3]/um Veneris Cypr[iae 3]/taei pecunia s[ua			http://db.edcs.eu/epigr/partner.php?s_language=en&param=HD008130 | https://edh-www.adw.uni-heidelberg.de/edh/inschrift/HD008130	34.7152993	33.153963			http://db.edcs.eu/epigr/bilder.php?bilder.php?s_language=en&bild=$Louvre_00923.jpg
EDCS-25300415	RACyprus 00018	Cyprus	Amathussa / Amathus / Amathous / Amathonte								34.7152993	33.153963		GR	
EDCS-31200869	CIL 03, 12113	Cyprus	Arsinoe / Marion			praenomen et nomen; sigilla impressa; tituli fabricationis; viri	Sex(tus) Ma() f(ecit)	opus figlinae			34.714937	33.162871			
EDCS-10701932	AE 1966, 00489b	Cyprus	Avdimou / Evdhimou / Paphus			Augusti/Augustae; tituli operum; viri	[D(omini) n(ostri)] / [Fl(avi) Iov]iani / [maxi]mi victoris / [ac tr]iumfatoris / [sempe]r Augusti / II			http://db.edcs.eu/epigr/partner.php?s_language=en&param=HD016481 | https://edh-www.adw.uni-heidelberg.de/edh/inschrift/HD016481	34.6958453	32.7620848			
EDCS-25300416	RACyprus 00019	Cyprus	Avdimou / Evdhimou / Paphus			Augusti/Augustae; miliaria; viri	// [D(omini) n(ostri)] / [Fl(avi) Iov]iani / [maxi]mi victoris / [ac tr]iumfatoris / [sempe]r Augusti / II	lapis			34.6958453	32.7620848		GR	
EDCS-25300392	RACyprus 00021 = AE 1966, 00488	Cyprus	Avdimou / Evdhimou / Paphus			Augusti/Augustae; miliaria; ordo senatorius; tituli sacri; tria nomina; viri	di]v[i] Traia[ni Parthici] /[et divi] Nera(e) abnep[oti M(arco) Aurelio] / [6] / [6] / [metrop(olis)] civita(t)[i]um [provinciae Cypri] / [per Tib(erium)] Cl(audium) Subatia[num 3] / [pr]o[vinciae] //  // [DD(ominis) nn(ostris)] Fl[(avio) Constantino victori] / m[aximo ac triumfatori] / [semper Augusto et] / [Fl(avio) Cl(audio) Co]nsta[ntino et] / [Fl(avio) Iul(io)] Constantio / [no]b(ilissimis) Caes(aribus) / m(ilia) XXV	lapis		http://db.edcs.eu/epigr/partner.php?s_language=en&param=CO0095473;HD016475;HD016478 | https://edh-www.adw.uni-heidelberg.de/edh/inschrift/HD016475 | http://cil.bbaw.de/dateien/cil_view.php?KO=KO0095473	34.6958453	32.7620848		GR	
EDCS-25300391	RACyprus 00022	Cyprus	Avdimou / Evdhimou / Paphus								34.6958453	32.7620848		GR	
EDCS-25300411	CIL 03, 12111 = RACyprus 00014	Cyprus	Catalkoy / Agios Epiktitos			Augusti/Augustae; miliaria; viri	] Aug(ustum) [ //	lapis			35.3213447	33.3906576		GR	
EDCS-25300412	CIL 03, 06732 = RACyprus 00015	Cyprus	Cayirova / Agios Theodoros / Ayios Theodhoros			Augusti/Augustae; miliaria; ordo senatorius; tituli operum; tituli sacri; tria nomina; viri	Imp(erator) / T(itus) Caesar divi f(ilius) Ves(pasianus) / [Au]g(ustus) [p]ont(ifex) max(imus) tr(ibuniciae) pot(estatis) [XI imp(erator)] / [XVIII co(n)s(ul)] VIII des(ignatus) V[IIII p(ater) p(atriae)] / [via]s novas fecit [provinciae Cypri] / per L(ucium) Plotium P[3 proco(n)s(ulem)] / XVIII // m]aximo / [ac Flavio Iul(io) C]onstantino / [vict]oribus / [semper A]ug(ustis)	lapis			35.3660363	34.0297851			
EDCS-25300403	RACyprus 00006	Cyprus	Chrysochou	333	335	Augusti/Augustae; miliaria; viri	// [D(ominis)] n(ostris) Fl(avio) Constanti[no] / [vic]tori maxim ac trium/fatori semper Aug(usto) / et [Fl(avio) Cl(audio) Const]antino / et Fl(avio) [Iul(io) Con]stantio / et F[l(avio) Iul(io) Co]nstant / nob(ilissimis) Caes(aribus) / mil(ia) III	lapis			35.0036879	32.4395104		GR	
EDCS-22300114	CIL 03, 00214 (p 974) = D 00738	Cyprus	Degirmenlik / Kythrea / Chytriaes / Chytri			Augusti/Augustae; litterae erasae; nomen singulare; ordo senatorius; tituli honorarii; viri	DD(ominis) nn(ostris) / [C]onstant[ius] victor ac / [t]riumfat[or sem]per Aug(ustus) et / [[6]] / nobiliss[imus C]aesar pro / virtutum [meritis] et laboru[m] / quos in p[raefectur]a emmensu[s est] / viro clar[issimo] Filippo pr[aef(ecto)] / praetorio [statua]m ex aere / fusam auro [cond]ectoratam / conloca[ri iusse]runt			http://db.edcs.eu/epigr/partner.php?s_language=en&param=S863;de_01dessuoft%23page/165/mode/2up	35.2475348	33.4812843			
EDCS-20900059	AE 2000, 01494	Cyprus	Eptagonia			sigilla impressa; tituli fabricationis; tria nomina; viri	L(uci) Ovedi / Statian(i)	opus figlinae		http://db.edcs.eu/epigr/partner.php?s_language=en&param=HD047965 | https://edh-www.adw.uni-heidelberg.de/edh/inschrift/HD047965	34.8468483	33.1583713			
EDCS-67200759	AE 2001, 01949	Cyprus	Gazimagusa / Famagusta / Ammokhostos / Ammochostos / Salamis	101	300					http://db.edcs.eu/epigr/partner.php?s_language=en&param=HD037133 | https://edh-www.adw.uni-heidelberg.de/edh/inschrift/HD037133	35.122964	33.9347628		GR	
EDCS-77600043	AE 1904, 00224	Cyprus	Girne / Keryneia / Kyrenia	-27	14	tituli honorarii		lapis		http://db.edcs.eu/epigr/partner.php?s_language=en&param=P311569;1ae1904-59	35.3352654	33.3188405		GR	
EDCS-78300778	AE 1928, 00063 = SEG-06, 00834	Cyprus	Girne / Keryneia / Kyrenia	42	43	Augusti/Augustae; ordo senatorius; tituli honorarii; tria nomina; viri		lapis		http://db.edcs.eu/epigr/partner.php?s_language=en&param=P312236;1ae1928-17	35.3352654	33.3188405		GR	
EDCS-22300115	CIL 03, 00215 (p 974) = AE 1953, 00171	Cyprus	Gonendere / Knodhara			milites; ordo equester; tituli sacri; tria nomina; viri	Genio / praesidi(i) / et / montium / coh(ors) VII Breuc(orum) / c(ivium) R(omanorum) eq(uitata) cui praeest / M(arcus) Og[u]ln[i]us Tir[o(?)] pr/aef(ectus) c(uram) [a(gente) P(ublio)] Aemili[o			http://db.edcs.eu/epigr/partner.php?s_language=en&param=HD018668 | https://edh-www.adw.uni-heidelberg.de/edh/inschrift/HD018668	35.2640771	33.6614828			
EDCS-10900686	AE 1997, 01531	Cyprus	Kato Paphos / Nea Paphos / Malloutena	-18	-17	viri	]us Rufius			http://db.edcs.eu/epigr/partner.php?s_language=en&param=HD049826 | https://edh-www.adw.uni-heidelberg.de/edh/inschrift/HD049826	34.7587594	32.4100834			
EDCS-10900688	AE 1997, 01533 = AE 1998, 01424	Cyprus	Kato Paphos / Nea Paphos / Malloutena	301	400	inscriptiones christianae; nomen singulare; viri	Pax / tibi / [M]arc[e] // euan/gelis/ta [meus]			http://db.edcs.eu/epigr/partner.php?s_language=en&param=HD049827 | https://edh-www.adw.uni-heidelberg.de/edh/inschrift/HD049827	34.7587594	32.4100834			
EDCS-25300395	RACyprus 00026	Cyprus	Khapotami			Augusti/Augustae; litterae erasae; miliaria; ordo senatorius; tituli sacri; tria nomina; viri	Imp(eratori) Cas(ari) div(i) M(arci) Antonin(i) Pii Ger(manici) Sarm(atici) fil(io) [divi Commodi] / fratri (di)v(i) Hadrian(i) e(t) divi Traiani Parthici et div(i) Nerva(e) ab(n)[epoti] / L(ucio) Se(ptimio) Severo Pii Pertinaci Augusto Adiabenico Part(h)ico maximo [pont]/ific maximo trib{o}unicia{i} potestate {to} VI co(n)s(uli) II patri patria proco(n)s(uli) [et Imp(eratori)] Casar(i) L(uci) Sep(timi) Severi Pii Pertincis Aug(usti) Arab(ici) Adiabenici Part(h)ici fil(io) / ii M(arci) Antonini Pii Germanici Sarmatic(i) nepoti div(i) Hadriani [et di]vi / Traiani et divi Nerva(e) abnepot M(arco) Aur(elio) Antonino Augusto [tribunicia] / pot[estate] proco(n)s(uli) et [[L(ucio) Sep(timio) Getae]] Casari milia erexit Sebaste Papos sacra / metropolis civitati{o}um Cy[pri] per Audiu[m] B[ass]{o}um proco(n)s(ulem) provincia	lapis			34.683334	32.591667			
EDCS-25300396	RACyprus 00027 = AE 1953, 00173	Cyprus	Khapotami								34.683334	32.591667		GR	
EDCS-10701933	AE 1966, 00490	Cyprus	Kouklia / Paphus			Augusti/Augustae; tituli operum; tituli sacri; viri	[Imp(erator) Ca]esar Aug[ustus] / [divi f(ilius)] pontif[ex max(imus)] / [			http://db.edcs.eu/epigr/partner.php?s_language=en&param=HD016484 | https://edh-www.adw.uni-heidelberg.de/edh/inschrift/HD016484	34.7108433	32.5736119			
EDCS-12600035	IKourion 00106 = AE 1975, 00833	Cyprus	Kourion / Curium			Augusti/Augustae; tituli operum; viri	pater] / patriae ex[struxit 3] / stratum tr[3 ex dex]/tra exe[dra 3] / prae fon[te 3] / iuxta E[			http://db.edcs.eu/epigr/partner.php?s_language=en&param=HD011943 | https://edh-www.adw.uni-heidelberg.de/edh/inschrift/HD011943	34.6655909	32.8853432			
EDCS-12600036	IKourion 00107 = AE 1975, 00834	Cyprus	Kourion / Curium			Augusti/Augustae; ordo senatorius; tituli operum; tria nomina; viri	[Nero Claudius Caesar Aug(ustus) Germanicus pont(ifex) max(imus) trib(unicia)] / [pot(estate) 3 Curiensium ci]vitati [per Q(uintum)] / [I]ulium [Cordum] p[roco(n)s(ulem) theatrum restituit]			http://db.edcs.eu/epigr/partner.php?s_language=en&param=CO0047686;HD011946 | https://edh-www.adw.uni-heidelberg.de/edh/inschrift/HD011946 | http://cil.bbaw.de/dateien/cil_view.php?KO=KO0047686	34.6655909	32.8853432			
EDCS-12600037	IKourion 00219 = AE 1975, 00848	Cyprus	Kourion / Curium			mulieres; nomen singulare; viri	Alexan/dri Lada			http://db.edcs.eu/epigr/partner.php?s_language=en&param=HD011949 | https://edh-www.adw.uni-heidelberg.de/edh/inschrift/HD011949	34.6655909	32.8853432			
EDCS-25300402	RACyprus 00005	Cyprus	Kritou Terra / Terra / Tera	333	335	Augusti/Augustae; miliaria; viri	D(ominis) n(ostris) Fl(avio) Constantino / victori maximo ac tri[um]/fatori semper Aug(usto) / et Fl(avio) Cl(audio) Constantin[o] / et Fl(avio) Iul(io) Constant[io] / et Fl(avio) Iul(io) Constant / nob(ilissimis) Caes(aribus) / mil(ia) VI	lapis			34.9556729	32.4222236			
EDCS-25300393	RACyprus 00023	Cyprus	Lakkos			miliaria	?	lapis			35.025002	32.458332			
EDCS-25300394	RACyprus 00025	Cyprus	Lakkos								35.025002	32.458332		GR	
EDCS-31300054	IGRRP-03, 00934 = D 08800	Cyprus	Lapta / Lapethus							http://db.edcs.eu/epigr/partner.php?s_language=en&param=de_22dessuoft%23page/1017/mode/2up	35.3409121	33.175342		GR	
EDCS-17100019	AE 1897, 00032	Cyprus	Larnaka / Larnaca / Citium			mulieres; nomen singulare; sigilla impressa; tituli fabricationis; tria nomina; viri	Felix fec(it) / Domit(iae) Luc(illae)	opus figlinae		http://db.edcs.eu/epigr/partner.php?s_language=en&param=HD022634;1ae1897-10 | https://edh-www.adw.uni-heidelberg.de/edh/inschrift/HD022634	34.9236095	33.6236184			
EDCS-22300116	CIL 03, 00216 = CIL 03, 12103 = D 00275 = Kition 03001	Cyprus	Larnaka / Larnaca / Citium			Augusti/Augustae; tituli honorarii; viri	Imp(eratori) Caesari Nervae Aug(usto) / p(atri) p(atriae) co(n)s(uli) II civitas Citiensium			http://db.edcs.eu/epigr/partner.php?s_language=en&param=CO0070944;de_01dessuoft%23page/74/mode/2up | http://cil.bbaw.de/dateien/cil_view.php?KO=KO0070944	34.9236095	33.6236184			
EDCS-28400796	CIL 03, 06731 = IGRRP-03, 00983 = Kition 03002	Cyprus	Larnaka / Larnaca / Citium			liberti/libertae; mulieres; nomen singulare; tituli sepulcrales; tria nomina	Iulia Olym/pi / l(iberta) Donata / h(ic) s(ita) est //		cf.: Metropolitan Museum of Art in New York; Access number: 74.51.2393	http://db.edcs.eu/epigr/partner.php?s_language=en&param=CO0125063 | http://cil.bbaw.de/dateien/cil_view.php?KO=KO0125063	34.9236095	33.6236184		GR	http://db.edcs.eu/epigr/bilder.php?bilder.php?s_language=en&bild=$CIL_03_06731.jpg;$CIL_03_06731_1.jpg;$CIL_03_06731_2.jpg
EDCS-67200764	AE 2001, 01950	Cyprus	Limassol / Neapolis / Theodosias / Amathous	101	300					http://db.edcs.eu/epigr/partner.php?s_language=en&param=HD037134 | https://edh-www.adw.uni-heidelberg.de/edh/inschrift/HD037134	34.6852901	33.0332657		GR	
EDCS-67200760	AE 2002, 01495	Cyprus	Limassol / Neapolis / Theodosias / Amathous	601	700			aes		http://db.edcs.eu/epigr/partner.php?s_language=en&param=HD043995 | https://edh-www.adw.uni-heidelberg.de/edh/inschrift/HD043995	34.6852901	33.0332657		GR	
EDCS-67200761	AE 2002, 01496	Cyprus	Limassol / Neapolis / Theodosias / Amathous	1	100					http://db.edcs.eu/epigr/partner.php?s_language=en&param=HD043996 | https://edh-www.adw.uni-heidelberg.de/edh/inschrift/HD043996	34.6852901	33.0332657		GR	
EDCS-67200762	AE 2002, 01497	Cyprus	Limassol / Neapolis / Theodosias / Amathous	101	300					http://db.edcs.eu/epigr/partner.php?s_language=en&param=HD043997 | https://edh-www.adw.uni-heidelberg.de/edh/inschrift/HD043997	34.6852901	33.0332657		GR	
EDCS-67200763	AE 2002, 01498	Cyprus	Limassol / Neapolis / Theodosias / Amathous	101	300					http://db.edcs.eu/epigr/partner.php?s_language=en&param=HD043998 | https://edh-www.adw.uni-heidelberg.de/edh/inschrift/HD043998	34.6852901	33.0332657		GR	
EDCS-25300405	CIL 03, 12112 = RACyprus 00008	Cyprus	Lympia			Augusti/Augustae; miliaria; viri	] maxim[o	lapis			34.9978686	33.4626265			
EDCS-25300406	RACyprus 00009	Cyprus	Lympia			miliaria	?	lapis			34.9978686	33.4626265			
EDCS-25300414	RACyprus 00017	Cyprus	Maroni			miliaria	?	lapis			34.7565688	33.3558762			
EDCS-25300413	RACyprus 00016	Cyprus	Mazotos			Augusti/Augustae; miliaria; viri	] maxim(o) ac [triumfatori] / [s]emper [Augusto et] / [Fl(avio) Cl(audio) Constantino et] / [Fl(avio) Iul(io) Consta]nt[ino] / [no]b(ilissimis) Caes(aribus) [	lapis			34.804063	33.4884218			
EDCS-28501010	CIL 03, 06051 = TSalaminia-02, 00058	Cyprus	Mormenekse / Limnia			officium/professio; tituli sacri; viri	] et deo [3] / [Rom]ani qui in Salam[ine] / [negot]iantur sac[raverunt] / [3]ino et L(ucio) Caeli[o				35.2018633	33.8611874			
EDCS-31300072	CIG 02629 = IGRRP-03, 00939 = D 08811	Cyprus	Palaipaphos / Palea Paphos							http://db.edcs.eu/epigr/partner.php?s_language=en&param=de_22dessuoft%23page/1020/mode/2up	34.7067898	32.573562		GR	
EDCS-22300118	CIL 03, 00218 (p 974) = D 00422 = IGRRP-03, 00967 = RACyprus 00024	Cyprus	Palaipaphos / Palea Paphos	198	198	Augusti/Augustae; miliaria; ordo senatorius; tituli operum; tituli sacri; tria nomina; viri	[Imp(eratori) Caes(ari) di]vi Antoni[ni Pii Germanici Sar]/[matici] [fili]o di[vi] Commodi fratri M(arci) Antonini Pii [nepoti divi Hadriani pron(epoti)] / divi Traiani Parthici et divi Ner[vae ab]nepoti [L(ucio) Septimio] / Severo Pio Pertinaci Augusto Adiabenico maximo po(n)/tifici maximo trib{o}unicia pot(statis) VI[3] patri patria / et Imp(eratori) Casari L(uci) Septimi[i P]ii Pertinacis / Part(ici) Aug(usti) Maximi f(ilii) M(arci) Antonini Pii Germanici Sarmatic[i] / nepoti divi Antonini nepoti divi [H]adriani et divi Traiani / et divi Ner M(arco) Aurelio Antonino Augusto trib{o}unicia p[otestate] / et L(ucio) ep[timio Getae nobilissimo Caesari] milia erexit Seb(aste) Papos [s]acr[a] m[etropolis] / ciitati{o}um Cypri per Audi{o}um Bass{o}um proco(n)s(ulem) / provinc Cypri an(no) {I}VII	lapis		http://db.edcs.eu/epigr/partner.php?s_language=en&param=CO0047672;HD067830;de_01dessuoft%23page/101/mode/2up | https://edh-www.adw.uni-heidelberg.de/edh/inschrift/HD067830 | http://cil.bbaw.de/dateien/cil_view.php?KO=KO0047672	34.7067898	32.573562			
EDCS-26601043	CIL 03, 12101 = CIL 01, 03442 = D 07208 = IGRRP-03, 00965 = SEG-20, 00212	Cyprus	Palaipaphos / Palea Paphos			officium/professio; tituli sacri	[Veneri Paphiae] / [c(ives) R(omani) qui Pa]phi negotiantur //			http://db.edcs.eu/epigr/partner.php?s_language=en&param=CO0001392;de_21dessuoft%23page/736/mode/2up | http://cil.bbaw.de/dateien/cil_view.php?KO=KO0001392	34.7067898	32.573562		GR	http://db.edcs.eu/epigr/bilder.php?bilder.php?s_language=en&bild=PH0001319
EDCS-25300400	RACyprus 00003 = AE 1940, 00105	Cyprus	Pano Arodes								34.9361563	32.4072286		GR	
EDCS-25300401	RACyprus 00004	Cyprus	Pano Arodes			miliaria	?	lapis			34.9361563	32.4072286			
EDCS-78300777	AE 1928, 00061 = SEG-06, 00810	Cyprus	Paphos	211	211	Augusti/Augustae; ordo senatorius; tituli honorarii; tria nomina; viri		lapis		http://db.edcs.eu/epigr/partner.php?s_language=en&param=P303378;1ae1928-16;1ae1928-17	34.7743988	32.4231586		GR	
EDCS-65000090	AE 1928, 00062 = AE 1953, 00169a	Cyprus	Paphos			praenomen et nomen; sacerdotes pagani; tituli honorarii	M(arco) Uphilio(!) pontif(ici) / proco(n)s(uli) cives R(omani) / Paphiae dioce{n}(seos)			http://db.edcs.eu/epigr/partner.php?s_language=en&param=HD018815;1ae1928-17 | https://edh-www.adw.uni-heidelberg.de/edh/inschrift/HD018815	34.7743988	32.4231586			
EDCS-04900998	AE 1992, 01682	Cyprus	Paphos	85	86	Augusti/Augustae; tituli operum; tituli sacri; viri	[I]mp(erator) Dom[itianus Caesar Aug(ustus) divi] / Vespasiani f[ilius Germ(anicus) pont(ifex)] / max(imus) tr(ibunicia) pot(estate) V im[p(erator) XI censor per]/[p]etuus p(ater) p(atriae) V[			http://db.edcs.eu/epigr/partner.php?s_language=en&param=HD053890 | https://edh-www.adw.uni-heidelberg.de/edh/inschrift/HD053890	34.7743988	32.4231586			
EDCS-10900687	AE 1997, 01532 = AE 2017, +01600	Cyprus	Paphos			ordo senatorius; tria nomina; viri	reddidit c[ur(ante) Bassidio] / Lauricio v(iro) c(larissimo) [consulari(?)] / prov(inciae) [Cypri]	lapis			34.7743988	32.4231586			
EDCS-30100005	AE 2003, 01777	Cyprus	Paphos	-200	-101	sigilla impressa; tituli fabricationis; tria nomina; viri	P(ublius) Her(ennius?) Phae[3]	opus figlinae		http://db.edcs.eu/epigr/partner.php?s_language=en&param=HD045174 | https://edh-www.adw.uni-heidelberg.de/edh/inschrift/HD045174	34.7743988	32.4231586			
EDCS-64100032	AE 2011, 01461	Cyprus	Paphos			tituli operum; tituli sacri	]n divi PR[3] / [c]um porticib[us				34.7743988	32.4231586			
EDCS-78300365	AE 2017, 01589	Cyprus	Paphos	26	29	tria nomina; viri	Q(uintus) Marciu[s Hortensinus(?)]	lapis			34.7743988	32.4231586			
EDCS-34900781	Allifae 00202 = AE 1956, 00187	Cyprus	Paphos								34.7743988	32.4231586		GR	
EDCS-31200861	CIL 03, 12102 (p 2316,7)	Cyprus	Paphos			Augusti/Augustae; viri	Imp(erator) Caesa[r] / [Dom]itianu[s(?)] / [3]TAROV[				34.7743988	32.4231586			
EDCS-31800342	CIL 03, 14177,09	Cyprus	Paphos			nomen singulare; servi/servae; sigilla impressa; tituli fabricationis; tria nomina; viri	Felix fec(it) / Domit(i) Luc()	opus figlinae			34.7743988	32.4231586			
EDCS-25300390	RACyprus 00028	Cyprus	Paphos			Augusti/Augustae; miliaria; tituli sacri; viri	[Imp(erator) Ca]esar Aug[ustus] / [divi f(ilius)] pontif[ex max(imus)] / [trib(unicia) potest(ate)	lapis			34.7743988	32.4231586			
EDCS-25300417	CIL 03, 00219 (p 974) = IGRRP-03, 00968 = RACyprus 00020	Cyprus	Paramali			Augusti/Augustae; miliaria; viri	// [3] Valeri[3] / [3] Valeri[3] / [3]IS[3] / [3]II[3] / [3]IISI / ST[3]A[3] / [6] / Const[ //  // D(omini) n(ostri) / Fl(avi) Ioviani / maximi victoris / ac triumfatoris / semper Augusti	lapis		http://db.edcs.eu/epigr/partner.php?s_language=en&param=CO0020773 | http://cil.bbaw.de/dateien/cil_view.php?KO=KO0020773	34.6765751	32.7947457		GR	
EDCS-13900111	AE 1953, 00170 = AE 1981, 00855 = Nicolaou-1971, p 30 = AE 2017, +01600	Cyprus	Peyia / Paphus	-70	-31	milites; praenomen et nomen; tituli honorarii; viri	C(aio) Decmio T(iti) f(ilio) Ste(llatina) / centurioni / monumenti / causa	lapis		http://db.edcs.eu/epigr/partner.php?s_language=en&param=HD004141 | https://edh-www.adw.uni-heidelberg.de/edh/inschrift/HD004141	34.8835052	32.3803202			http://db.edcs.eu/epigr/bilder.php?bilder.php?s_language=en&bild=$AE_1981_00855.jpg
EDCS-25300398	RACyprus 00001	Cyprus	Potima								34.8235343	32.3886566		GR	
EDCS-25300399	RACyprus 00002	Cyprus	Potima								34.8235343	32.3886566		GR	
EDCS-13900109	AE 1953, 00163	Cyprus	Salamis / Konstantia			tria nomina; viri	] Servius Su[lpicius] Pancles [Veranianus				35.1793179	33.9025034			
EDCS-31200862	CIL 03, 12104 = AE 1891, 00140 = TSalaminia-02, 00132 = AE 1953, +00169	Cyprus	Salamis / Konstantia			Augusti/Augustae; tituli honorarii; tituli operum; tituli sacri; tria nomina; viri	[Ti(berio) Caesari divi Aug(usti) f(ilio) divi] Iuli nepoti Aug(usto)] / [pont(ifici) max(imo) tribunic]iae potestatis / [3 senatus Sala]min(i)orum / [statuam ponendam atque decoran]dam curavit idem / [dedicavit praesente] C(aio) Lucretio Rufo	lapis		http://db.edcs.eu/epigr/partner.php?s_language=en&param=CO0048627;HD018662;1ae1891-44 | https://edh-www.adw.uni-heidelberg.de/edh/inschrift/HD018662 | http://cil.bbaw.de/dateien/cil_view.php?KO=KO0048627	35.1793179	33.9025034			http://db.edcs.eu/epigr/bilder.php?bilder.php?s_language=en&bild=$CIL_03_12104.jpg
EDCS-31200863	CIL 03, 12105 = TSalaminia-02, 00148 = Afrique p 707 = AE 1954, +00169c = AE 1991, +01570 = AE 1994, +01757	Cyprus	Salamis / Konstantia	26	29	Augusti/Augustae; mulieres; ordo senatorius; tituli honorarii; tituli sacri; tria nomina; viri	[Ti(berio) Caesare divi Aug(usti) f(ilio) d(ivi)] n(epote) Augus[to] / [pont(ifice) max(imo) tribunicia potest]ate / [Iulia Augusta Drusi f(ilia) c]oniuge div[i] / [Augusti matre Ti(beri) Caesa]ris Aug(usti) et pa[triae(?)] / [L(ucius) Marcius Hortalus Hor]tensinus(?) pro[co(n)s(ul)] / [3]e Invictae [3] / [3]I[	lapis		http://db.edcs.eu/epigr/partner.php?s_language=en&param=CO0021541;HD062131 | https://edh-www.adw.uni-heidelberg.de/edh/inschrift/HD062131 | http://cil.bbaw.de/dateien/cil_view.php?KO=KO0021541	35.1793179	33.9025034			http://db.edcs.eu/epigr/bilder.php?bilder.php?s_language=en&bild=$CIL_03_12105.jpg
EDCS-31200864	CIL 03, 12106 = TSalaminia-02, 00037	Cyprus	Salamis / Konstantia			ordo senatorius; tituli operum; viri	leg(atus) Au]g(usti) pro pr[aetore 3] / [3 Salaminioru]m for[um(?)				35.1793179	33.9025034			
EDCS-31200865	CIL 03, 12107 = TSalaminia-02, 00288	Cyprus	Salamis / Konstantia				] / soda[lis(?) 3] / [3] p(ro) pr[3] / [3] T[			http://db.edcs.eu/epigr/partner.php?s_language=en&param=CO0060021 | http://cil.bbaw.de/dateien/cil_view.php?KO=KO0060021	35.1793179	33.9025034			
EDCS-31200866	CIL 03, 12108 = TSalaminia-02, 00289	Cyprus	Salamis / Konstantia			viri	Pr]oculo(?) [3] / [3] Tibull[				35.1793179	33.9025034			
EDCS-31200867	CIL 03, 12109 = D 02151 = TSalaminia-02, 00189	Cyprus	Salamis / Konstantia			milites; tituli sepulcrales; tria nomina; viri	D(is) M(anibus) / P(ublio) Aelio P(ubli) f(ilio) Basi/lide Palatina / Nicomedia / evoc(ato) Fl(avius) Valens / collega fec(it) fra/tri pientissimo			http://db.edcs.eu/epigr/partner.php?s_language=en&param=de_01dessuoft%23page/429/mode/2up	35.1793179	33.9025034			
EDCS-31200868	CIL 03, 12110 = TSalaminia-02, 00103	Cyprus	Salamis / Konstantia			liberti/libertae; mulieres; tituli honorarii; tria nomina; viri	[C(aium?) Iu]lium Nidam C(aius) Iulius C[hius] / [3]dnianus et Iulia Lampyris Chii / [u]xor et liberta honoris caus{s}a //			http://db.edcs.eu/epigr/partner.php?s_language=en&param=CO0060030 | http://cil.bbaw.de/dateien/cil_view.php?KO=KO0060030	35.1793179	33.9025034		GR	
EDCS-09401590	IIulian 00013 = TSalaminia-02, 00157 = AE 1973, 00544	Cyprus	Salamis / Konstantia			Augusti/Augustae; tituli honorarii; tria nomina; viri	Imp(eratori) Caes(ari) Fl(avio) Iu[liano Pio Felici semper Augusto] / pontif(ici) max[imo Germ(anico) maximo Alam(annico) maximo] / Franc(ico) max[imo Sarm(atico) maximo imp(eratori) 3 co(n)s(uli) 3] / pa[tri patriae proconsuli] / Fl(avius) Faus[t			http://db.edcs.eu/epigr/partner.php?s_language=en&param=CO0123413;HD011612 | https://edh-www.adw.uni-heidelberg.de/edh/inschrift/HD011612 | http://cil.bbaw.de/dateien/cil_view.php?KO=KO0123413	35.1793179	33.9025034			http://db.edcs.eu/epigr/bilder.php?bilder.php?s_language=en&bild=$AE_1973_00544_1.jpg
EDCS-45400008	ISalamis 00025	Cyprus	Salamis / Konstantia			ordo equester; viri	v(ir)] p(erfectissimus) pra[eses prov(inciae) Cypri				35.1793179	33.9025034			
EDCS-45400009	ISalamis 00039	Cyprus	Salamis / Konstantia			Augusti/Augustae; ordo equester; tituli honorarii; tituli sacri; tria nomina; viri	[Domi]ni[s nostris] / [Dio]cl[etiano] / [Pio Fe]l(ici) semper [Aug]usto / [victo]ri [et] / [nobilissim]o Cae[s]ari / [Maximiano pra]eses / [p]rovin[ciae Cypri] / [Antisti]us S[abinus v(ir)] p(erfectissimus) / d(evotus) n(umini) m(aiestati)q(ue) eorum				35.1793179	33.9025034			
EDCS-45400010	ISalamis 00040	Cyprus	Salamis / Konstantia			Augusti/Augustae; ordo equester; tituli honorarii; tituli sacri; tria nomina; viri	[D]omin[is nostris] / [Maximiano] / [semper Augusto] / [victori et] / [Fl(avio) Constan]tio / [nobilissi]mo [Caesari] / [Ant]istius Sabin[us v(ir) p(erfectissimus)] / [praeses provinciae Cypri] / [d(evotus) n(umini) m(aiestati)q(ue) eorum]				35.1793179	33.9025034			
EDCS-45400011	ISalamis 00041 = TSalaminia-02, 00153	Cyprus	Salamis / Konstantia			Augusti/Augustae; ordo decurionum; tituli operum; tria nomina; viri	[Im]peratores [nostri] / [Fl(avius) Iulius Constantius] / et Fl(avius) [Iulius Constans] / [victores semper Augusti] / Sa[l]amin[i]or[um] / thermas di[lapsas per] / Ofel[lium Sanctum] / antist[item ur]bi[s] / [restituerunt]				35.1793179	33.9025034			
EDCS-45400012	ISalamis 00042	Cyprus	Salamis / Konstantia			Augusti/Augustae; ordo decurionum; tituli honorarii; tituli operum; tria nomina; viri	Dom[ini]s no[stri]s Iu[lio] / Con[stant]io e[t] / [Fl(avio) Iulio C]onst[anti] / [victo]ri[bus sem]pe[r Augg(ustis)] / [Salam]{e}ino[rum civitas] / [statuas erexit] a{h}[eneas] / cu[rante Ofel]lio S[ancto] / antis[tite urbis]				35.1793179	33.9025034			
EDCS-09700366	ISalamis 00129 = TSalaminia-02, 00151 = AE 1971, 00467 = AE 1972, 00668	Cyprus	Salamis / Konstantia	212	217	Augusti/Augustae; ordo equester; tituli honorarii; tituli sacri; tria nomina; viri	[Ind]ulgentiss[imis Impp(eratoribus) dddd(ominis) nnnn(ostris)] / [Dio]cletiano [et Maximiano Augg(ustis)] / et Con[stantio et Maximiano] / [nobb(ilissimis) Caesaribus Antistius Sabi]/nus v(ir) p(erfectissimus) [praeses prov(inciae) Cy]pri / [d(evotus) n(umini) m(aiestati)q(ue) eorum] //	lapis		http://db.edcs.eu/epigr/partner.php?s_language=en&param=HD011863 | https://edh-www.adw.uni-heidelberg.de/edh/inschrift/HD011863	35.1793179	33.9025034		GR	
EDCS-09700364	ISalamis 00130 = TSalaminia-02, 00154 = AE 1971, 00466a = AE 1972, 00666 = Nicolaou-1971, p 34	Cyprus	Salamis / Konstantia			Augusti/Augustae; ordo equester; tituli honorarii; tituli sacri; tria nomina; viri	Laetitiae publicae / caerimoniarumque / omnium autori d(omino) n(ostro) / Constantio nob(ilissimo) Caesari / Antistius Sabinus / v(ir) p(erfectissimus) praeses prov(inciae) / Cypri d(evotus) n(umini) m(aiestati)q(ue) / eius			http://db.edcs.eu/epigr/partner.php?s_language=en&param=HD009982 | https://edh-www.adw.uni-heidelberg.de/edh/inschrift/HD009982	35.1793179	33.9025034			http://db.edcs.eu/epigr/bilder.php?bilder.php?s_language=en&bild=$ISalamis_00130.jpg;$ISalamis_00130_1.jpg
EDCS-09700365	ISalamis 00131 = TSalaminia-02, 00155 = AE 1971, 00466b = AE 1972, 00667	Cyprus	Salamis / Konstantia	293	305	Augusti/Augustae; ordo equester; tituli honorarii; tituli sacri; tria nomina; viri	Laetitiae publicae / caerimoniarumque / omnium autori d(omino) n(ostro) / Maximiano nob(ilissimo) / Caesari / Antistius Sabinus v(ir) p(erfectissimus) / praeses prov(inciae) Cypri / d(evotus) n(umini) m(aiestati)q(ue) eius //	lapis		http://db.edcs.eu/epigr/partner.php?s_language=en&param=HD009985 | https://edh-www.adw.uni-heidelberg.de/edh/inschrift/HD009985	35.1793179	33.9025034		GR	http://db.edcs.eu/epigr/bilder.php?bilder.php?s_language=en&bild=$ISalamis_00131.jpg
EDCS-45900205	TSalaminia-02, 00105	Cyprus	Salamis / Konstantia			ordo senatorius; viri	]T I proconsul P(ublius) Serg[us				35.1793179	33.9025034			
EDCS-06100517	TSalaminia-02, 00133 = SEG-30, 01645 = AE 1989, 00736	Cyprus	Salamis / Konstantia			tituli honorarii; viri	Ti(berio) Caesa[ri Augusto 3] / L(ucius) Mar[3 Stellatina 3] /			http://db.edcs.eu/epigr/partner.php?s_language=en&param=HD018459 | https://edh-www.adw.uni-heidelberg.de/edh/inschrift/HD018459	35.1793179	33.9025034		GR	http://db.edcs.eu/epigr/bilder.php?bilder.php?s_language=en&bild=$AE_1989_00736.jpg
EDCS-45900206	TSalaminia-02, 00152	Cyprus	Salamis / Konstantia			Augusti/Augustae; ordo equester; tituli honorarii; tria nomina; viri	[Piissi]mis [ac fortissimis] / dom[ini]s no[stris Imperatoribus] / [Di]ocl[etia]no e[t Maximiano Augg(ustis) et] / [Maximiano et C]onst[anti]o Cae[saribus] / [Antistius Sabinus v(ir)] p(erfectissimus) praeses [prov(inciae) Cypri]				35.1793179	33.9025034			
EDCS-45900207	TSalaminia-02, 00166	Cyprus	Salamis / Konstantia			litterae erasae; viri	] M(arcus) Au[relius(?) 3] / [3]lam[3] / [[				35.1793179	33.9025034			
EDCS-45900208	TSalaminia-02, 00190	Cyprus	Salamis / Konstantia			mulieres; ordo equester; tituli sepulcrales; tria nomina; viri	[D(is)] M(anibus) s(acrum) / Q(uinto) C[a]ecilio Rufo / eq(uiti) R[om(ano) vixit] annis / XXIIII me[nsibus 3]I dieb(us) X / marito dul[c]issimo / bene merenti fecit / Aelia Maximina co(n)iux				35.1793179	33.9025034			
EDCS-45900209	TSalaminia-02, 00286	Cyprus	Salamis / Konstantia			ordo equester; viri	] Fausti f(ilius?) I[3] / [3] tribu[nus				35.1793179	33.9025034			
EDCS-45900210	TSalaminia-02, 00287	Cyprus	Salamis / Konstantia				Sal[3] / D[				35.1793179	33.9025034			
EDCS-45900211	TSalaminia-02, 00290	Cyprus	Salamis / Konstantia			milites	l]eg(ionis) IIII [3] / [3 l]eg(ionis) IIII I[				35.1793179	33.9025034			
EDCS-45900212	TSalaminia-02, 00378	Cyprus	Salamis / Konstantia			mulieres; nomen singulare; servi/servae; sigilla impressa; tituli fabricationis; tria nomina	Arriae Caese/niae Paullina(e)	opus figlinae			35.1793179	33.9025034			
EDCS-45900213	TSalaminia-02, 00379	Cyprus	Salamis / Konstantia			mulieres; nomen singulare; servi/servae; sigilla impressa; tituli fabricationis; tria nomina	Arriae Caese/niae Paullina(e)	opus figlinae			35.1793179	33.9025034			
EDCS-45900214	TSalaminia-02, 00380	Cyprus	Salamis / Konstantia			sigilla impressa; tituli fabricationis; tria nomina; viri	C(ai) B[ellici] / Zma[ragdi]	opus figlinae			35.1793179	33.9025034			
EDCS-45900215	TSalaminia-02, 00381	Cyprus	Salamis / Konstantia			sigilla impressa; tituli fabricationis; tria nomina; viri	[C(ai)] Bellici / Zmaragdi // [C(ai) Bell]ici / [Zma]ragdi	opus figlinae			35.1793179	33.9025034			
EDCS-45900216	TSalaminia-02, 00382	Cyprus	Salamis / Konstantia			sigilla impressa; tituli fabricationis; tria nomina; viri	C(ai) B[ellici] / Zma[ragdi]	opus figlinae			35.1793179	33.9025034			
EDCS-45900217	TSalaminia-02, 00383	Cyprus	Salamis / Konstantia			sigilla impressa; tituli fabricationis; tria nomina; viri	C(ai) Bellic(i) / [Z]m[ar]agd(i)	opus figlinae			35.1793179	33.9025034			
EDCS-45900218	TSalaminia-02, 00384	Cyprus	Salamis / Konstantia			nomen singulare; servi/servae; sigilla impressa; tituli fabricationis; tria nomina; viri	Corneli Pollio(nis) / Silvanus f(ecit)	opus figlinae			35.1793179	33.9025034			
EDCS-45900219	TSalaminia-02, 00385	Cyprus	Salamis / Konstantia			nomen singulare; servi/servae; sigilla impressa; tituli fabricationis; viri	Prince/ps Titi	opus figlinae			35.1793179	33.9025034			
EDCS-45900220	TSalaminia-02, 00386	Cyprus	Salamis / Konstantia			praenomen et nomen; sigilla impressa; tituli fabricationis; viri	L(uci) Rasin(i) off(icina)	opus figlinae			35.1793179	33.9025034			
EDCS-45900221	TSalaminia-02, 00387	Cyprus	Salamis / Konstantia			sigilla impressa; tituli fabricationis	Ma[3] // Mar[3]	opus figlinae			35.1793179	33.9025034			
EDCS-13900110	AE 1953, 00164	Cyprus	Soloi / Soli			Augusti/Augustae; tituli honorarii; tituli sacri; viri	[Dru]so Caesari Ti(beri) A[ug(usti) f(ilio) d(ivi) Aug(usti) n(epoti)] / [sena]t[u]s Soliorum [honoris causa]			http://db.edcs.eu/epigr/partner.php?s_language=en&param=HD018812 | https://edh-www.adw.uni-heidelberg.de/edh/inschrift/HD018812	35.1406719	32.8125385			
EDCS-25300404	RACyprus 00007	Cyprus	Soloi / Soli	333	335	Augusti/Augustae; miliaria; viri	// [D(ominis) n(ostris)] / [Fl(avio) Constantino] / [victori maximo ac triumfatori] / [semper Augusto et Fl(avio) Cl(audio)] / [Constan]ti[no et Fl(avio) I(ulio)] / Constantio [et Fl(avio) I(ulio)] / Constant / nobb(ilissimis) Caes(aribus) / mil(ia) XIIIII	lapis			35.1406719	32.8125385		GR	
EDCS-25300409	RACyprus 00012 = AE 1940, 00104 = AE 1950, +00008	Cyprus	Vouni			Augusti/Augustae; miliaria; viri	Imp(eratori) Casari M(arco) O(pellio) / Severo Macrino Pio / Felici Aug(usto) et M(arco) Opelli(o) / Antonino Diadumenia[no] / nobilissimo Casari //	lapis		http://db.edcs.eu/epigr/partner.php?s_language=en&param=HD020919 | https://edh-www.adw.uni-heidelberg.de/edh/inschrift/HD020919	34.8242294	32.8336273		GR	
EDCS-25300410	RACyprus 00013 = IIulian 00014 = AE 1940, 00103 = AE 1953, +00173	Cyprus	Vouni							http://db.edcs.eu/epigr/partner.php?s_language=en&param=HD018458 | https://edh-www.adw.uni-heidelberg.de/edh/inschrift/HD018458	34.8242294	32.8336273			
EDCS-31200860	CIL 03, 12100	Cyprus	Yesilirmak / Limnitis				EF				35.1675235	32.7394894			
EDCS-25300407	RACyprus 00010	Cyprus	Yesilirmak / Limnitis			Augusti/Augustae; miliaria; viri	// [DD]D(ominis) nnn(ostris) / [Fl(avio) Cl(audio)] Constantino / [ma]gno triumfatori Aug(usto) / [et Const]antio / [et Const]anti / [vi]ctoribus / [se]mper Augg(ustis) [	lapis			35.1675235	32.7394894		GR	
EDCS-25300408	RACyprus 00011	Cyprus	Yesilirmak / Limnitis			Augusti/Augustae; miliaria; viri	[DDD(ominis) nnn(ostris)] / [Fl(avio) Cl(audio) Constantino] / maximo [triu]mf[atori Aug(usto)] / et Co[nst]antio / [et Const]anti / [vi]ctoribus / [semp]er Augg(ustis) [	lapis			35.1675235	32.7394894			
															
