EDCS-ID	publication	province	place	dating_from	dating_to	date_not_before	date_not_after	status	inscription	inscription_conservative_cleaning	inscription_interpretive_cleaning	material	comment	latitude	longitude	language	photo	partner_link	extra_text	extra_html	raw_dating
EDCS-03000560	AE 1996, 00974	Alpes Graiae	Aime / Aime-en-Tarentaise / Axima	71	100	71	100	Augusti/Augustae;  tituli honorarii;  tituli sacri;  viri	] I[mper(atoris) Caes(aris) 3] / [3 d]ivi V[espasiani f(ilii) Aug(usti?) 3] / [3 imper]at(oris?) I[I	I ivi V at II	Imperatoris Caesaris divi Vespasiani filii Augusti imperatoris II	lapis		45.5573093	6.6522217			http://db.edcs.eu/epigr/partner.php?s_language=en&param=HD050198			71 to 100
EDCS-54400198	CAG-73, p 101	Alpes Graiae	Aime / Aime-en-Tarentaise / Axima						]IM[	IM	IM			45.5573093	6.6522217						
EDCS-54400142	CAG-73, p 94	Alpes Graiae	Aime / Aime-en-Tarentaise / Axima					nomen singulare;  sigilla impressa;  tituli fabricationis;  viri	Felix	Felix	Felix	opus figlinae		45.5573093	6.6522217						
EDCS-54400129	CAG-73, p 94	Alpes Graiae	Aime / Aime-en-Tarentaise / Axima					nomen singulare;  sigilla impressa;  tituli fabricationis;  viri	Gratus	Gratus	Gratus	opus figlinae		45.5573093	6.6522217						
EDCS-54400128	CAG-73, p 94	Alpes Graiae	Aime / Aime-en-Tarentaise / Axima					sigilla impressa;  tituli fabricationis	VII/IP	VIIIP	VIIIP	opus figlinae		45.5573093	6.6522217						
EDCS-54400114	CAG-73, p 94	Alpes Graiae	Aime / Aime-en-Tarentaise / Axima					nomen singulare;  sigilla impressa;  tituli fabricationis;  viri	Of(ficina) Anni	Of Anni	Officina Anni	opus figlinae		45.5573093	6.6522217						
EDCS-54400111	CAG-73, p 94	Alpes Graiae	Aime / Aime-en-Tarentaise / Axima					sigilla impressa;  tituli fabricationis	Nat[3]	Nat	Nat	opus figlinae		45.5573093	6.6522217						
EDCS-54400107	CAG-73, p 94	Alpes Graiae	Aime / Aime-en-Tarentaise / Axima					nomen singulare;  sigilla impressa;  tituli fabricationis;  viri	Cobner(tus)	Cobner	Cobnertus	opus figlinae		45.5573093	6.6522217						
EDCS-54400106	CAG-73, p 94	Alpes Graiae	Aime / Aime-en-Tarentaise / Axima					nomen singulare;  sigilla impressa;  tituli fabricationis;  viri	Cintu(s)	Cintu	Cintus	opus figlinae		45.5573093	6.6522217						
EDCS-54400105	CAG-73, p 94	Alpes Graiae	Aime / Aime-en-Tarentaise / Axima					nomen singulare;  sigilla impressa;  tituli fabricationis;  viri	Cinnamus	Cinnamus	Cinnamus	opus figlinae		45.5573093	6.6522217						
EDCS-54400104	CAG-73, p 94	Alpes Graiae	Aime / Aime-en-Tarentaise / Axima					nomen singulare;  sigilla impressa;  tituli fabricationis;  viri	Borilli of(ficina)	Borilli of	Borilli officina	opus figlinae		45.5573093	6.6522217						
EDCS-54400103	CAG-73, p 94	Alpes Graiae	Aime / Aime-en-Tarentaise / Axima					nomen singulare;  sigilla impressa;  tituli fabricationis;  viri	Aventini	Aventini	Aventini	opus figlinae		45.5573093	6.6522217						
EDCS-54400102	CAG-73, p 94	Alpes Graiae	Aime / Aime-en-Tarentaise / Axima					nomen singulare;  sigilla impressa;  tituli fabricationis;  viri	Advocis	Advocis	Advocis	opus figlinae		45.5573093	6.6522217						
EDCS-54400101	CAG-73, p 94	Alpes Graiae	Aime / Aime-en-Tarentaise / Axima					sigilla impressa;  viri	[3]us f(ecit)	us f	us fecit	opus figlinae		45.5573093	6.6522217						
EDCS-54400100	CAG-73, p 94	Alpes Graiae	Aime / Aime-en-Tarentaise / Axima					nomen singulare;  sigilla impressa;  tituli fabricationis;  viri	Seuvo fecit	Seuvo fecit	Seuvo fecit	opus figlinae		45.5573093	6.6522217						
EDCS-54400099	CAG-73, p 94	Alpes Graiae	Aime / Aime-en-Tarentaise / Axima					nomen singulare;  sigilla impressa;  tituli fabricationis;  viri	Noster f(ecit)	Noster f	Noster fecit	opus figlinae		45.5573093	6.6522217						
EDCS-54400098	CAG-73, p 94	Alpes Graiae	Aime / Aime-en-Tarentaise / Axima					nomen singulare;  sigilla impressa;  tituli fabricationis;  viri	Agenor f(ecit)	Agenor f	Agenor fecit	opus figlinae		45.5573093	6.6522217						
EDCS-54400127	CAG-73, p 94	Alpes Graiae	Aime / Aime-en-Tarentaise / Axima					sigilla impressa;  tituli fabricationis	PESXD	PESXD	PESXD	opus figlinae		45.5573093	6.6522217						
EDCS-54400126	CAG-73, p 94	Alpes Graiae	Aime / Aime-en-Tarentaise / Axima					sigilla impressa;  tituli fabricationis	Pr[3]	Pr	Pr	opus figlinae		45.5573093	6.6522217						
EDCS-54400125	CAG-73, p 94	Alpes Graiae	Aime / Aime-en-Tarentaise / Axima					sigilla impressa;  tituli fabricationis	[3]ummul[3]	ummul	ummul	opus figlinae		45.5573093	6.6522217						
EDCS-54400124	CAG-73, p 94	Alpes Graiae	Aime / Aime-en-Tarentaise / Axima					nomen singulare;  sigilla impressa;  tituli fabricationis;  viri	Aprio f(ecit)	Aprio f	Aprio fecit	opus figlinae		45.5573093	6.6522217						
EDCS-54400123	CAG-73, p 94	Alpes Graiae	Aime / Aime-en-Tarentaise / Axima					nomen singulare;  sigilla impressa;  tituli fabricationis;  viri	Resti	Resti	Resti	opus figlinae		45.5573093	6.6522217						
EDCS-54400122	CAG-73, p 94	Alpes Graiae	Aime / Aime-en-Tarentaise / Axima					nomen singulare;  sigilla impressa;  tituli fabricationis	Pat()	Pat	Pat	opus figlinae		45.5573093	6.6522217						
EDCS-54400121	CAG-73, p 94	Alpes Graiae	Aime / Aime-en-Tarentaise / Axima					nomen singulare;  sigilla impressa;  tituli fabricationis	Sed()	Sed	Sed	opus figlinae		45.5573093	6.6522217						
EDCS-54400120	CAG-73, p 94	Alpes Graiae	Aime / Aime-en-Tarentaise / Axima					nomen singulare;  sigilla impressa;  tituli fabricationis;  viri	Rogati of(ficina)	Rogati of	Rogati officina	opus figlinae		45.5573093	6.6522217						
EDCS-54400119	CAG-73, p 94	Alpes Graiae	Aime / Aime-en-Tarentaise / Axima					nomen singulare;  sigilla impressa;  tituli fabricationis;  viri	Resti	Resti	Resti	opus figlinae		45.5573093	6.6522217						
EDCS-54400118	CAG-73, p 94	Alpes Graiae	Aime / Aime-en-Tarentaise / Axima					nomen singulare;  sigilla impressa;  tituli fabricationis;  viri	Pecultares	Pecultares	Pecultares	opus figlinae		45.5573093	6.6522217						
EDCS-54400117	CAG-73, p 94	Alpes Graiae	Aime / Aime-en-Tarentaise / Axima					nomen singulare;  sigilla impressa;  tituli fabricationis;  viri	Of(ficina) Primi	Of Primi	Officina Primi	opus figlinae		45.5573093	6.6522217						
EDCS-54400116	CAG-73, p 94	Alpes Graiae	Aime / Aime-en-Tarentaise / Axima					nomen singulare;  sigilla impressa;  tituli fabricationis	Of(ficina) Mim()	Of Mim	Officina Mim	opus figlinae		45.5573093	6.6522217						
EDCS-54400115	CAG-73, p 94	Alpes Graiae	Aime / Aime-en-Tarentaise / Axima					nomen singulare;  sigilla impressa;  tituli fabricationis	Of(ficina) Masc()	Of Masc	Officina Masc	opus figlinae		45.5573093	6.6522217						
EDCS-54400113	CAG-73, p 94	Alpes Graiae	Aime / Aime-en-Tarentaise / Axima					nomen singulare;  sigilla impressa;  tituli fabricationis	Nem() f(ecit)	Nem f	Nem fecit	opus figlinae		45.5573093	6.6522217						
EDCS-54400112	CAG-73, p 94	Alpes Graiae	Aime / Aime-en-Tarentaise / Axima					nomen singulare;  sigilla impressa;  tituli fabricationis;  viri	Nequres	Nequres	Nequres	opus figlinae		45.5573093	6.6522217						
EDCS-54400110	CAG-73, p 94	Alpes Graiae	Aime / Aime-en-Tarentaise / Axima					nomen singulare;  sigilla impressa;  tituli fabricationis;  viri	Mode(sti)	Mode	Modesti	opus figlinae		45.5573093	6.6522217						
EDCS-54400109	CAG-73, p 94	Alpes Graiae	Aime / Aime-en-Tarentaise / Axima					nomen singulare;  sigilla impressa;  tituli fabricationis;  viri	Matti m(anu)	Matti m	Matti manu	opus figlinae		45.5573093	6.6522217						
EDCS-54400108	CAG-73, p 94	Alpes Graiae	Aime / Aime-en-Tarentaise / Axima					nomen singulare;  sigilla impressa;  tituli fabricationis;  viri	Mariu(s)	Mariu	Marius	opus figlinae		45.5573093	6.6522217						
EDCS-54400141	CAG-73, p 94	Alpes Graiae	Aime / Aime-en-Tarentaise / Axima					nomen singulare;  sigilla impressa;  tituli fabricationis;  viri	Germanicus	Germanicus	Germanicus	opus figlinae		45.5573093	6.6522217						
EDCS-54400140	CAG-73, p 94	Alpes Graiae	Aime / Aime-en-Tarentaise / Axima					nomen singulare;  sigilla impressa;  tituli fabricationis;  viri	Crestio	Crestio	Crestio	opus figlinae		45.5573093	6.6522217						
EDCS-54400139	CAG-73, p 94	Alpes Graiae	Aime / Aime-en-Tarentaise / Axima					nomen singulare;  sigilla impressa;  tituli fabricationis;  viri	Avitus	Avitus	Avitus	opus figlinae		45.5573093	6.6522217						
EDCS-54400138	CAG-73, p 94	Alpes Graiae	Aime / Aime-en-Tarentaise / Axima					nomen singulare;  sigilla impressa;  tituli fabricationis;  viri	Albinus	Albinus	Albinus	opus figlinae		45.5573093	6.6522217						
EDCS-54400137	CAG-73, p 94	Alpes Graiae	Aime / Aime-en-Tarentaise / Axima					nomen singulare;  sigilla impressa;  tituli fabricationis;  viri	Africanus	Africanus	Africanus	opus figlinae		45.5573093	6.6522217						
EDCS-54400136	CAG-73, p 94	Alpes Graiae	Aime / Aime-en-Tarentaise / Axima					nomen singulare;  sigilla impressa;  tituli fabricationis;  viri	Vallo	Vallo	Vallo	opus figlinae		45.5573093	6.6522217						
EDCS-54400135	CAG-73, p 94	Alpes Graiae	Aime / Aime-en-Tarentaise / Axima					nomen singulare;  sigilla impressa;  tituli fabricationis;  viri	Buddarus	Buddarus	Buddarus	opus figlinae		45.5573093	6.6522217						
EDCS-54400134	CAG-73, p 94	Alpes Graiae	Aime / Aime-en-Tarentaise / Axima					nomen singulare;  sigilla impressa;  tituli fabricationis;  viri	Noster	Noster	Noster	opus figlinae		45.5573093	6.6522217						
EDCS-54400133	CAG-73, p 94	Alpes Graiae	Aime / Aime-en-Tarentaise / Axima					nomen singulare;  sigilla impressa;  tituli fabricationis;  viri	Maxilus	Maxilus	Maxilus	opus figlinae		45.5573093	6.6522217						
EDCS-54400132	CAG-73, p 94	Alpes Graiae	Aime / Aime-en-Tarentaise / Axima					nomen singulare;  sigilla impressa;  tituli fabricationis;  viri	Virillis	Virillis	Virillis	opus figlinae		45.5573093	6.6522217						
EDCS-54400131	CAG-73, p 94	Alpes Graiae	Aime / Aime-en-Tarentaise / Axima					nomen singulare;  sigilla impressa;  tituli fabricationis;  viri	Siadous	Siadous	Siadous	opus figlinae		45.5573093	6.6522217						
EDCS-54400130	CAG-73, p 94	Alpes Graiae	Aime / Aime-en-Tarentaise / Axima					nomen singulare;  sigilla impressa;  tituli fabricationis;  viri	Sabinus	Sabinus	Sabinus	opus figlinae		45.5573093	6.6522217						
EDCS-54400158	CAG-73, p 94	Alpes Graiae	Aime / Aime-en-Tarentaise / Axima					nomen singulare;  sigilla impressa;  tituli fabricationis;  viri	Mallius	Mallius	Mallius	opus figlinae		45.5573093	6.6522217						
EDCS-54400157	CAG-73, p 94	Alpes Graiae	Aime / Aime-en-Tarentaise / Axima					nomen singulare;  sigilla impressa;  tituli fabricationis;  viri	Fortunatus	Fortunatus	Fortunatus	opus figlinae		45.5573093	6.6522217						
EDCS-54400156	CAG-73, p 94	Alpes Graiae	Aime / Aime-en-Tarentaise / Axima					sigilla impressa;  tituli fabricationis;  tria nomina;  viri	Sex(tus) Afer	Sex Afer	Sextus Afer	opus figlinae		45.5573093	6.6522217						
EDCS-54400155	CAG-73, p 94	Alpes Graiae	Aime / Aime-en-Tarentaise / Axima					nomen singulare;  sigilla impressa;  tituli fabricationis;  viri	Vallo	Vallo	Vallo	opus figlinae		45.5573093	6.6522217						
EDCS-54400154	CAG-73, p 94	Alpes Graiae	Aime / Aime-en-Tarentaise / Axima					nomen singulare;  sigilla impressa;  tituli fabricationis;  viri	Seuvo	Seuvo	Seuvo	opus figlinae		45.5573093	6.6522217						
EDCS-54400153	CAG-73, p 94	Alpes Graiae	Aime / Aime-en-Tarentaise / Axima					nomen singulare;  sigilla impressa;  tituli fabricationis;  viri	Noster	Noster	Noster	opus figlinae		45.5573093	6.6522217						
EDCS-54400165	CAG-73, p 94	Alpes Graiae	Aime / Aime-en-Tarentaise / Axima					nomen singulare;  sigilla impressa;  tituli fabricationis;  viri	Borillus	Borillus	Borillus	opus figlinae		45.5573093	6.6522217						
EDCS-54400164	CAG-73, p 94	Alpes Graiae	Aime / Aime-en-Tarentaise / Axima					nomen singulare;  sigilla impressa;  tituli fabricationis;  viri	Bellus	Bellus	Bellus	opus figlinae		45.5573093	6.6522217						
EDCS-54400163	CAG-73, p 94	Alpes Graiae	Aime / Aime-en-Tarentaise / Axima					nomen singulare;  sigilla impressa;  tituli fabricationis;  viri	Aventinnius	Aventinnius	Aventinnius	opus figlinae		45.5573093	6.6522217						
EDCS-54400162	CAG-73, p 94	Alpes Graiae	Aime / Aime-en-Tarentaise / Axima					nomen singulare;  sigilla impressa;  tituli fabricationis;  viri	Annius	Annius	Annius	opus figlinae		45.5573093	6.6522217						
EDCS-54400161	CAG-73, p 94	Alpes Graiae	Aime / Aime-en-Tarentaise / Axima					nomen singulare;  sigilla impressa;  tituli fabricationis;  viri	Advorcis	Advorcis	Advorcis	opus figlinae		45.5573093	6.6522217						
EDCS-54400160	CAG-73, p 94	Alpes Graiae	Aime / Aime-en-Tarentaise / Axima					nomen singulare;  sigilla impressa;  tituli fabricationis;  viri	Of(ficina) Anni	Of Anni	Officina Anni	opus figlinae		45.5573093	6.6522217						
EDCS-54400159	CAG-73, p 94	Alpes Graiae	Aime / Aime-en-Tarentaise / Axima					nomen singulare;  sigilla impressa;  tituli fabricationis;  viri	Thursus	Thursus	Thursus	opus figlinae		45.5573093	6.6522217						
EDCS-54400152	CAG-73, p 94	Alpes Graiae	Aime / Aime-en-Tarentaise / Axima					nomen singulare;  sigilla impressa;  tituli fabricationis;  viri	Martinus	Martinus	Martinus	opus figlinae		45.5573093	6.6522217						
EDCS-54400151	CAG-73, p 94	Alpes Graiae	Aime / Aime-en-Tarentaise / Axima					nomen singulare;  sigilla impressa;  tituli fabricationis;  viri	Catullus	Catullus	Catullus	opus figlinae		45.5573093	6.6522217						
EDCS-54400150	CAG-73, p 94	Alpes Graiae	Aime / Aime-en-Tarentaise / Axima					nomen singulare;  sigilla impressa;  tituli fabricationis;  viri	Agenor	Agenor	Agenor	opus figlinae		45.5573093	6.6522217						
EDCS-54400149	CAG-73, p 94	Alpes Graiae	Aime / Aime-en-Tarentaise / Axima					nomen singulare;  sigilla impressa;  tituli fabricationis;  viri	Communi	Communi	Communi	opus figlinae		45.5573093	6.6522217						
EDCS-54400148	CAG-73, p 94	Alpes Graiae	Aime / Aime-en-Tarentaise / Axima					nomen singulare;  sigilla impressa;  tituli fabricationis;  viri	Proculi	Proculi	Proculi	opus figlinae		45.5573093	6.6522217						
EDCS-54400147	CAG-73, p 94	Alpes Graiae	Aime / Aime-en-Tarentaise / Axima					nomen singulare;  sigilla impressa;  tituli fabricationis;  viri	Fortis	Fortis	Fortis	opus figlinae		45.5573093	6.6522217						
EDCS-54400146	CAG-73, p 94	Alpes Graiae	Aime / Aime-en-Tarentaise / Axima					sigilla impressa;  tituli fabricationis;  tria nomina;  viri	Sex(ti) Afr(i)	Sex Afr	Sexti Afri	opus figlinae		45.5573093	6.6522217						
EDCS-54400145	CAG-73, p 94	Alpes Graiae	Aime / Aime-en-Tarentaise / Axima					nomen singulare;  sigilla impressa;  tituli fabricationis;  viri	Paternus	Paternus	Paternus	opus figlinae		45.5573093	6.6522217						
EDCS-54400144	CAG-73, p 94	Alpes Graiae	Aime / Aime-en-Tarentaise / Axima					nomen singulare;  sigilla impressa;  tituli fabricationis;  viri	Mascli	Mascli	Mascli	opus figlinae		45.5573093	6.6522217						
EDCS-54400143	CAG-73, p 94	Alpes Graiae	Aime / Aime-en-Tarentaise / Axima					nomen singulare;  sigilla impressa;  tituli fabricationis	Of(ficina) Iva()	Of Iva	Officina Iva	opus figlinae		45.5573093	6.6522217						
EDCS-54400166	CAG-73, p 95	Alpes Graiae	Aime / Aime-en-Tarentaise / Axima					nomen singulare;  sigilla impressa;  tituli fabricationis;  viri	Butrio	Butrio	Butrio	opus figlinae		45.5573093	6.6522217						
EDCS-54400184	CAG-73, p 95	Alpes Graiae	Aime / Aime-en-Tarentaise / Axima					nomen singulare;  sigilla impressa;  tituli fabricationis;  viri	Rogatus	Rogatus	Rogatus	opus figlinae		45.5573093	6.6522217						
EDCS-54400183	CAG-73, p 95	Alpes Graiae	Aime / Aime-en-Tarentaise / Axima					nomen singulare;  sigilla impressa;  tituli fabricationis;  viri	Quintilianus	Quintilianus	Quintilianus	opus figlinae		45.5573093	6.6522217						
EDCS-54400182	CAG-73, p 95	Alpes Graiae	Aime / Aime-en-Tarentaise / Axima					nomen singulare;  sigilla impressa;  tituli fabricationis;  viri	Primus	Primus	Primus	opus figlinae		45.5573093	6.6522217						
EDCS-54400181	CAG-73, p 95	Alpes Graiae	Aime / Aime-en-Tarentaise / Axima					nomen singulare;  sigilla impressa;  tituli fabricationis;  viri	Pegasus	Pegasus	Pegasus	opus figlinae		45.5573093	6.6522217						
EDCS-54400180	CAG-73, p 95	Alpes Graiae	Aime / Aime-en-Tarentaise / Axima					nomen singulare;  sigilla impressa;  tituli fabricationis;  viri	Pecultares	Pecultares	Pecultares	opus figlinae		45.5573093	6.6522217						
EDCS-54400179	CAG-73, p 95	Alpes Graiae	Aime / Aime-en-Tarentaise / Axima					nomen singulare;  sigilla impressa;  tituli fabricationis;  viri	Paternus	Paternus	Paternus	opus figlinae		45.5573093	6.6522217						
EDCS-54400178	CAG-73, p 95	Alpes Graiae	Aime / Aime-en-Tarentaise / Axima					nomen singulare;  sigilla impressa;  tituli fabricationis;  viri	Modernus	Modernus	Modernus	opus figlinae		45.5573093	6.6522217						
EDCS-54400177	CAG-73, p 95	Alpes Graiae	Aime / Aime-en-Tarentaise / Axima					nomen singulare;  sigilla impressa;  tituli fabricationis;  viri	Mimmo	Mimmo	Mimmo	opus figlinae		45.5573093	6.6522217						
EDCS-54400176	CAG-73, p 95	Alpes Graiae	Aime / Aime-en-Tarentaise / Axima					nomen singulare;  sigilla impressa;  tituli fabricationis;  viri	Mercator	Mercator	Mercator	opus figlinae		45.5573093	6.6522217						
EDCS-54400175	CAG-73, p 95	Alpes Graiae	Aime / Aime-en-Tarentaise / Axima					nomen singulare;  sigilla impressa;  tituli fabricationis;  viri	Mattus	Mattus	Mattus	opus figlinae		45.5573093	6.6522217						
EDCS-54400174	CAG-73, p 95	Alpes Graiae	Aime / Aime-en-Tarentaise / Axima					nomen singulare;  sigilla impressa;  tituli fabricationis;  viri	Marius	Marius	Marius	opus figlinae		45.5573093	6.6522217						
EDCS-54400173	CAG-73, p 95	Alpes Graiae	Aime / Aime-en-Tarentaise / Axima					nomen singulare;  sigilla impressa;  tituli fabricationis;  viri	Lucceius	Lucceius	Lucceius	opus figlinae		45.5573093	6.6522217						
EDCS-54400172	CAG-73, p 95	Alpes Graiae	Aime / Aime-en-Tarentaise / Axima					nomen singulare;  sigilla impressa;  tituli fabricationis;  viri	Germanius	Germanius	Germanius	opus figlinae		45.5573093	6.6522217						
EDCS-54400171	CAG-73, p 95	Alpes Graiae	Aime / Aime-en-Tarentaise / Axima					nomen singulare;  sigilla impressa;  tituli fabricationis;  viri	Crestio	Crestio	Crestio	opus figlinae		45.5573093	6.6522217						
EDCS-54400191	CAG-73, p 95	Alpes Graiae	Aime / Aime-en-Tarentaise / Axima					sigilla impressa;  tituli fabricationis;  tituli sacri	Bonus Eventus	Bonus Eventus	Bonus Eventus	opus figlinae		45.5573093	6.6522217						
EDCS-54400190	CAG-73, p 95	Alpes Graiae	Aime / Aime-en-Tarentaise / Axima					sigilla impressa;  tituli fabricationis;  tituli sacri	Bonus Eventus	Bonus Eventus	Bonus Eventus	opus figlinae		45.5573093	6.6522217						
EDCS-54400189	CAG-73, p 95	Alpes Graiae	Aime / Aime-en-Tarentaise / Axima					sigilla impressa;  tituli fabricationis;  tituli sacri	Bonus Eventus	Bonus Eventus	Bonus Eventus	opus figlinae		45.5573093	6.6522217						
EDCS-54400188	CAG-73, p 95	Alpes Graiae	Aime / Aime-en-Tarentaise / Axima					nomen singulare;  sigilla impressa;  tituli fabricationis;  viri	Gratus	Gratus	Gratus	opus figlinae		45.5573093	6.6522217						
EDCS-54400187	CAG-73, p 95	Alpes Graiae	Aime / Aime-en-Tarentaise / Axima					nomen singulare;  sigilla impressa;  tituli fabricationis;  viri	Tittius	Tittius	Tittius	opus figlinae		45.5573093	6.6522217						
EDCS-54400186	CAG-73, p 95	Alpes Graiae	Aime / Aime-en-Tarentaise / Axima					nomen singulare;  sigilla impressa;  tituli fabricationis;  viri	Silvinus	Silvinus	Silvinus	opus figlinae		45.5573093	6.6522217						
EDCS-54400185	CAG-73, p 95	Alpes Graiae	Aime / Aime-en-Tarentaise / Axima					nomen singulare;  sigilla impressa;  tituli fabricationis;  viri	Sextus	Sextus	Sextus	opus figlinae		45.5573093	6.6522217						
EDCS-54400170	CAG-73, p 95	Alpes Graiae	Aime / Aime-en-Tarentaise / Axima					nomen singulare;  sigilla impressa;  tituli fabricationis;  viri	Cobnertus	Cobnertus	Cobnertus	opus figlinae		45.5573093	6.6522217						
EDCS-54400169	CAG-73, p 95	Alpes Graiae	Aime / Aime-en-Tarentaise / Axima					nomen singulare;  sigilla impressa;  tituli fabricationis;  viri	Cintussa	Cintussa	Cintussa	opus figlinae		45.5573093	6.6522217						
EDCS-54400168	CAG-73, p 95	Alpes Graiae	Aime / Aime-en-Tarentaise / Axima					nomen singulare;  sigilla impressa;  tituli fabricationis;  viri	Cinnamus	Cinnamus	Cinnamus	opus figlinae		45.5573093	6.6522217						
EDCS-54400167	CAG-73, p 95	Alpes Graiae	Aime / Aime-en-Tarentaise / Axima					nomen singulare;  sigilla impressa;  tituli fabricationis;  viri	Caletiane	Caletiane	Caletiane	opus figlinae		45.5573093	6.6522217						
EDCS-54400192	CAG-73, p 97	Alpes Graiae	Aime / Aime-en-Tarentaise / Axima					nomen singulare;  sigilla impressa;  tituli fabricationis;  viri	Cinnamus	Cinnamus	Cinnamus	opus figlinae		45.5573093	6.6522217						
EDCS-54400197	CAG-73, p 97	Alpes Graiae	Aime / Aime-en-Tarentaise / Axima					nomen singulare;  sigilla impressa;  tituli fabricationis;  viri	Clariani	Clariani	Clariani	opus figlinae		45.5573093	6.6522217						
EDCS-54400196	CAG-73, p 97	Alpes Graiae	Aime / Aime-en-Tarentaise / Axima					sigilla impressa;  tituli fabricationis;  tria nomina;  viri	Latisius Secundus	Latisius Secundus	Latisius Secundus	opus figlinae		45.5573093	6.6522217						
EDCS-54400195	CAG-73, p 97	Alpes Graiae	Aime / Aime-en-Tarentaise / Axima					nomen singulare;  sigilla impressa;  tituli fabricationis;  viri	[Ma]sclimi	sclimi	Masclimi	opus figlinae		45.5573093	6.6522217						
EDCS-54400194	CAG-73, p 97	Alpes Graiae	Aime / Aime-en-Tarentaise / Axima					nomen singulare;  sigilla impressa;  tituli fabricationis;  viri	Strobili(s)	Strobili	Strobilis	opus figlinae		45.5573093	6.6522217						
EDCS-54400193	CAG-73, p 97	Alpes Graiae	Aime / Aime-en-Tarentaise / Axima					nomen singulare;  sigilla impressa;  tituli fabricationis;  viri	Communi(s)	Communi	Communis	opus figlinae		45.5573093	6.6522217						
EDCS-08400673	CIL 12, 00098 = ILAlp-01, 00002 = CAG-73, p 100	Alpes Graiae	Aime / Aime-en-Tarentaise / Axima	151	300	151	300	tituli sacri;  tria nomina;  viri	Gen(io) / pro salute / C[l(audi?)] Gratiniani	Gen pro salute C Gratiniani	Genio pro salute Claudi Gratiniani			45.5573093	6.6522217			http://db.edcs.eu/epigr/partner.php?s_language=en&param=HD065365			151 to 300
EDCS-08400676	CIL 12, 00101 (p 805) = ILAlp-01, 00005 = CAG-73, p 100	Alpes Graiae	Aime / Aime-en-Tarentaise / Axima	41	300	41	300	tituli sacri;  tria nomina;  viri	L(ucius) Mamilius Aper / Mercurio v(otum) s(olvit) l(ibens) / m(erito)	L Mamilius Aper Mercurio v s l m	Lucius Mamilius Aper Mercurio votum solvit libens merito	lapis		45.5573093	6.6522217			http://db.edcs.eu/epigr/partner.php?s_language=en&param=HD065370			41 to 300
EDCS-08400677	CIL 12, 00102 = ILAlp-01, 00013 = D 06756 = CAG-73, p 93 = MEFR-2000-914	Alpes Graiae	Aime / Aime-en-Tarentaise / Axima	101	250	101	250	ordo equester;  tituli sacri;  viri	Numin[ibus] / Augusto[rum] / Foro [C]laud[ienses] / p[e]r / [3] Mallie[3] / proc(uratorem) Aug(usti)	Numin Augusto Foro laud p r Mallie proc Aug	Numinibus Augustorum Foro Claudienses per Mallie procuratorem Augusti	lapis		45.5573093	6.6522217			http://db.edcs.eu/epigr/partner.php?s_language=en&param=HD065559;de-b0656			101 to 250
EDCS-08400678	CIL 12, 00103 (p 805) = ILAlp-01, 00006 = CLE 00019 = CLENuovo p 96 = D 03528 = Freis 00096 = CAG-73, p 91 = AE 1961, +00215 = AE 2001, +00135	Alpes Graiae	Aime / Aime-en-Tarentaise / Axima	198	300	198	300	carmina;  ordo equester;  tituli sacri;  tria nomina;  viri	Silvane sacra semicluse fra[xino] / et huius alti summe custos hor[tuli] / tibi hasce grates dedicamus musicas / quod nos per arva perq(ue) montis Alpicos / tuique luci suaveolentis hospites / dum ius guberno remq(ue) fungor Caesarum / tuo favore prosperanti sospitas / tu me meosque reduces Romam sistito / daque itala rura te colamus praeside / ego iam dicabo mil(l)e magnas arbor[es] / T(iti) Pomponi Victoris proc(uratoris) Augustor[um]	Silvane sacra semicluse fra et huius alti summe custos hor tibi hasce grates dedicamus musicas quod nos per arva perq montis Alpicos tui que luci suaveolentis hospites dum ius guberno remq fungor Caesarum tuo favore prosperanti sospitas tu me meos que reduces Romam sistito da que itala rura te colamus praeside ego iam dicabo mile magnas arbor T Pomponi Victoris proc Augustor	Silvane sacra semicluse fraxino et huius alti summe custos hortuli tibi hasce grates dedicamus musicas quod nos per arva per que montis Alpicos tui que luci suaveolentis hospites dum ius guberno rem que fungor Caesarum tuo favore prosperanti sospitas tu me meos que reduces Romam sistito da que itala rura te colamus praeside ego iam dicabo mille magnas arbores Titi Pomponi Victoris procuratoris Augustorum	lapis		45.5573093	6.6522217		http://db.edcs.eu/epigr/bilder.php?bilder.php?s_language=en&bild=$CIL_12_00103.jpg	http://db.edcs.eu/epigr/partner.php?s_language=en&param=ko0024699;HD065379;m|ce|0019;de-b0068;bu_CIL%26bibl_volume=12%26bibl_subvolume=%26bibl_insc=103			198 to 300
EDCS-08400679	CIL 12, 00104 = ILAlp-01, 00011 = CAG-73, p 89 = Rosso 00256 = MEFR-2000-913	Alpes Graiae	Aime / Aime-en-Tarentaise / Axima	97	97	97	97	Augusti/Augustae;  tituli honorarii;  viri	Imp(eratori) Nervae Caesari / Aug(usto) pontifici max(imo) / tribunic(ia) potest(ate) co(n)s(uli) III / p(atri) p(atriae) Foro Cl(audienses) Ceutron(es)	Imp Nervae Caesari Aug pontifici max tribunic potest cos III p p Foro Cl Ceutron	Imperatori Nervae Caesari Augusto pontifici maximo tribunicia potestate consuli III patri patriae Foro Claudienses Ceutrones	lapis		45.5573093	6.6522217			http://db.edcs.eu/epigr/partner.php?s_language=en&param=HD065556			97 to 97
EDCS-08400680	CIL 12, 00105 (p 805) = ILAlp-01, 00012 = D 00289 = RISch-03, 00288 = IDRE-01, 00180 = CAG-73, p 92 = MEFR-2000-913 = Rosso 00257	Alpes Graiae	Aime / Aime-en-Tarentaise / Axima	107	108	107	108	Augusti/Augustae;  tituli honorarii;  tituli sacri;  viri	Imp(eratori) Caesar(i) / divi Nerva[e f(ilio)] / Nervae Traia(no) / Aug(usto) Germ(anico) Daci/co pontifici max(imo) / tribunic(ia) potest(ate) / XII imp(eratori) VI co(n)s(uli) V p(atri) p(atriae) / devictis Dacis / Foroclaud(ienses) publ(ice)	Imp Caesar divi Nerva Nervae Traia Aug Germ Dacico pontifici max tribunic potest XII imp VI cos V p p devictis Dacis Foroclaud publ	Imperatori Caesari divi Nervae filio Nervae Traiano Augusto Germanico Dacico pontifici maximo tribunicia potestate XII imperatori VI consuli V patri patriae devictis Dacis Foroclaudienses publice	lapis		45.5573093	6.6522217		http://db.edcs.eu/epigr/bilder.php?bilder.php?s_language=en&bild=$CIL_12_00105.jpg;$RISch-03_00288_1.jpg;$RISch-03_00288_2.jpg	http://db.edcs.eu/epigr/partner.php?s_language=en&param=HD065557;de-a0076			107 to 108
EDCS-08400681	CIL 12, 00106 (p 805) = ILAlp-01, 00026 = IDRE-01, 00181 = CAG-73, p 88 = Rosso 00267	Alpes Graiae	Aime / Aime-en-Tarentaise / Axima	1	300	1	300	Augusti/Augustae;  tituli honorarii;  viri	]I[3] / [3 d]evictis [3] / [3 p]acat[is	I evictis acatis	I devictis pacatis	lapis		45.5573093	6.6522217		http://db.edcs.eu/epigr/bilder.php?bilder.php?s_language=en&bild=$Rosso_00267.jpg	http://db.edcs.eu/epigr/partner.php?s_language=en&param=HD065581			1 to 300
EDCS-08400683	CIL 12, 00108 (p 805) = CIL 12, 00109a = ILAlp-01, 00014 = CAG-73, p 88 = Rosso 00258 = MEFR-2000-913	Alpes Graiae	Aime / Aime-en-Tarentaise / Axima	218	235	218	235	Augusti/Augustae;  litterae erasae;  tituli honorarii;  tituli sacri;  viri	[Imp(eratori) Caes(ari) M(arco)] / [Aur(elio) 3] / [3 Pio Fel(ici)] / Aug(usto) divi Ma[gni] / [A]nton[i]ni Pii f(ilio) / [d]ivi Sept(imi) [Severi] / [P]ii [[[nepoti]] pont(ifici)]]] / max(imo) [trib(unicia) pot(estate)	Aug divi Ma nton ni Pii f ivi Sept ii max trib pot	Imperatori Caesari Marco Aurelio Pio Felici Augusto divi Magni Antonini Pii filio divi Septimi Severi Pii nepoti pontifici maximo tribunicia potestate	lapis		45.5573093	6.6522217		http://db.edcs.eu/epigr/bilder.php?bilder.php?s_language=en&bild=$Rosso_00258.jpg	http://db.edcs.eu/epigr/partner.php?s_language=en&param=HD065560			218 to 235
EDCS-08400684	CIL 12, 00109 (p 805) = ILAlp-01, 00048 = CAG-73, p 88	Alpes Graiae	Aime / Aime-en-Tarentaise / Axima	1	300	1	300		]M[3] / [3]F[	M F	M F	lapis		45.5573093	6.6522217			http://db.edcs.eu/epigr/partner.php?s_language=en&param=HD065623			1 to 300
EDCS-08400685	CIL 12, 00109b = ILAlp-01, 00025 = CAG-73, p 88	Alpes Graiae	Aime / Aime-en-Tarentaise / Axima	1	300	1	300		]AV[3] / [3]MA[	AV MA	AV MA	lapis		45.5573093	6.6522217			http://db.edcs.eu/epigr/partner.php?s_language=en&param=HD065580			1 to 300
EDCS-08400686	CIL 12, 00110 = ILAlp-01, 00017 = D 00605 = CAG-73, p 87 = Rosso 00261 = MEFR-2000-914	Alpes Graiae	Aime / Aime-en-Tarentaise / Axima	283	284	283	284	Augusti/Augustae;  litterae erasae;  ordo equester;  tituli honorarii;  tria nomina;  viri	[Imp(eratori) C]aes(ari) M(arco) / [[[Aur(elio) Numeria]]]/no Pio Fel(ici) Invi/cto Aug(usto) p(ontifici) m(aximo) tr/ib(unicia) pot(estate) p(atri) p(atriae) F(oro) Cl(audienses) Ce/utrones publice / curante Lati/nio Martinia/no v(iro) e(gregio) proc(uratore) / Aug(usti)	aes M no Pio Fel Invicto Aug p m trib pot p p F Cl Ceutrones publice curante Latinio Martiniano v e proc Aug	Imperatori Caesari Marco Aurelio Numeriano Pio Felici Invicto Augusto pontifici maximo tribunicia potestate patri patriae Foro Claudienses Ceutrones publice curante Latinio Martiniano viro egregio procuratore Augusti	lapis		45.5573093	6.6522217		http://db.edcs.eu/epigr/bilder.php?bilder.php?s_language=en&bild=$CIL_12_00110.jpg	http://db.edcs.eu/epigr/partner.php?s_language=en&param=ko0043220;S104;HD065575;de-a0138			283 to 284
EDCS-08400687	CIL 12, 00111 = CIL 12, 05716 = ILAlp-01, 00020 = CAG-73, p 89 = Rosso 00268	Alpes Graiae	Aime / Aime-en-Tarentaise / Axima	1	400	1	400	Augusti/Augustae;  viri	Im[p(erator)	Imp	Imperator	lapis		45.5573093	6.6522217		http://db.edcs.eu/epigr/bilder.php?bilder.php?s_language=en&bild=$Rosso_00268.jpg	http://db.edcs.eu/epigr/partner.php?s_language=en&param=HD065577			1 to 400
EDCS-08400688	CIL 12, 00112 (p 805) = ILAlp-01, 00031 = CAG-73, p 99	Alpes Graiae	Aime / Aime-en-Tarentaise / Axima	101	200	101	200	milites;  mulieres;  ordo equester;  tituli sepulcrales;  tria nomina;  viri	D(is) M(anibus) / Caetronii / Cus[p]iani p(rimi)p(ilaris) / proc(uratoris) Aug(usti) / Aegnatia Priscilla / coniugi karissimo	D M Caetronii Cus iani pp proc Aug Aegnatia Priscilla coniugi karissimo	Dis Manibus Caetronii Cuspiani primipilaris procuratoris Augusti Aegnatia Priscilla coniugi karissimo	lapis		45.5573093	6.6522217			http://db.edcs.eu/epigr/partner.php?s_language=en&param=ko0059971;HD065604;bu_CIL%26bibl_volume=12%26bibl_subvolume=%26bibl_insc=112			101 to 200
EDCS-08400690	CIL 12, 00114 = ILAlp-01, 00029 = CAG-73, p 87	Alpes Graiae	Aime / Aime-en-Tarentaise / Axima	41	200	41	200	ordo equester;  viri	] / [Foro Cl]aud[ienses] / [curante 3 Tr]ebelli[o 3] / [proc(uratore)] Aug(usti) [	aud ebelli Aug	Foro Claudienses curante Trebellio procuratore Augusti	lapis		45.5573093	6.6522217			http://db.edcs.eu/epigr/partner.php?s_language=en&param=HD065582			41 to 200
EDCS-08400692	CIL 12, 00116 = ILAlp-01, 00040 = CAG-73, p 92	Alpes Graiae	Aime / Aime-en-Tarentaise / Axima	41	300	41	300	tituli honorarii	] / provincia[e] / Baeticae / [	provincia Baeticae	provinciae Baeticae	lapis		45.5573093	6.6522217			http://db.edcs.eu/epigr/partner.php?s_language=en&param=HD065616			41 to 300
EDCS-08400693	CIL 12, 00117 (p 805) = ILAlp-01, 00033 = CAG-73, p 92	Alpes Graiae	Aime / Aime-en-Tarentaise / Axima	1	100	1	100	nomen singulare;  officium/professio;  servi/servae;  tituli sepulcrales;  viri	Iucundo / Chryserotis / Caesaris ser(vi) / Faustiani / disp(ensatoris) vicar(io)	Iucundo Chryserotis Caesaris ser Faustiani disp vicar	Iucundo Chryserotis Caesaris servi Faustiani dispensatoris vicario	lapis		45.5573093	6.6522217		http://db.edcs.eu/epigr/bilder.php?bilder.php?s_language=en&bild=$CIL_12_00117.jpg	http://db.edcs.eu/epigr/partner.php?s_language=en&param=HD065605			1 to 100
EDCS-08400696	CIL 12, 00120 (p 805) = ILAlp-01, 00034 = CAG-73, p 100	Alpes Graiae	Aime / Aime-en-Tarentaise / Axima	101	200	101	200	liberti/libertae;  nomen singulare;  tituli sepulcrales;  tria nomina;  viri	D(is) M(anibus) / Q(uinti) Ael(i) Malli/ani et / Saturnini / fili(i) eius / Cladaeus / lib(ertus)	D M Q Ael Malliani et Saturnini fili eius Cladaeus lib	Dis Manibus Quinti Aeli Malliani et Saturnini filii eius Cladaeus libertus	lapis		45.5573093	6.6522217			http://db.edcs.eu/epigr/partner.php?s_language=en&param=HD065606			101 to 200
EDCS-08400697	CIL 12, 00121 = ILAlp-01, 00042 = CAG-73, p 100	Alpes Graiae	Aime / Aime-en-Tarentaise / Axima	1	300	1	300		]APE[3] / [3]FAC[	APE FAC	APE FAC	lapis		45.5573093	6.6522217			http://db.edcs.eu/epigr/partner.php?s_language=en&param=HD065618			1 to 300
EDCS-08400698	CIL 12, 00122 (p 805) = ILAlp-01, 00035 = CAG-73, p 98	Alpes Graiae	Aime / Aime-en-Tarentaise / Axima	151	300	151	300	nomen singulare;  tituli sepulcrales;  tria nomina;  viri	Dis Manibus / Claudio Monta/nio Cassiano / Vireius Maximi/anus filius ad/optatus (h)ere{n}s / Cassiane sup/ra scripte ago / gratias tue (h)eredi/tati hanc i[nfe]/rias [recte mitten]/[do promereri studebo]	Dis Manibus Claudio Montanio Cassiano Vireius Maximianus filius adoptatus erens Cassiane supra scripte ago gratias tue ereditati hanc i rias	Dis Manibus Claudio Montanio Cassiano Vireius Maximianus filius adoptatus heres Cassiane supra scripte ago gratias tue hereditati hanc inferias recte mittendo promereri studebo	lapis		45.5573093	6.6522217			http://db.edcs.eu/epigr/partner.php?s_language=en&param=HD065612;bu_CIL%26bibl_volume=12%26bibl_subvolume=%26bibl_insc=122			151 to 300
EDCS-08400699	CIL 12, 00123 (p 805) = ILAlp-01, 00046 = CAG-73, p 92	Alpes Graiae	Aime / Aime-en-Tarentaise / Axima	71	300	71	300	mulieres	F]lavia [	Flavia	Flavia	lapis		45.5573093	6.6522217			http://db.edcs.eu/epigr/partner.php?s_language=en&param=HD065622			71 to 300
EDCS-08400700	CIL 12, 00124 = ILAlp-01, 00001 = CAG-73, p 86	Alpes Graiae	Aime / Aime-en-Tarentaise / Axima	41	300	41	300	tituli sacri;  viri	Aximae / [M]ercator / [	Aximae ercator	Aximae Mercator	lapis		45.5573093	6.6522217			http://db.edcs.eu/epigr/partner.php?s_language=en&param=HD065350			41 to 300
EDCS-08400703	CIL 12, 00127 (p 805) = ILAlp-01, 00041 = CAG-73, p 91	Alpes Graiae	Aime / Aime-en-Tarentaise / Axima	1	100	1	100	tituli operum;  tituli sepulcrales;  tria nomina;  viri	Q(uintus) Verius / Urbicus	Q Verius Urbicus	Quintus Verius Urbicus			45.5573093	6.6522217			http://db.edcs.eu/epigr/partner.php?s_language=en&param=HD065617			1 to 100
EDCS-08400704	CIL 12, 00128 (p 805) = ILAlp-01, 00038	Alpes Graiae	Aime / Aime-en-Tarentaise / Axima	1	100	1	100	liberti/libertae;  mulieres;  tituli sepulcrales;  tria nomina;  viri	T(ito) Vireio / Onesimo / Vireia Colchis / uxor h(eres) / L(ucius) Cassius Erastus / h(eres) / [T(itus) Virei]us Alcimus / conl(ibertus)	T Vireio Onesimo Vireia Colchis uxor h L Cassius Erastus h us Alcimus conl	Tito Vireio Onesimo Vireia Colchis uxor heres Lucius Cassius Erastus heres Titus Vireius Alcimus conlibertus	lapis		45.5573093	6.6522217			http://db.edcs.eu/epigr/partner.php?s_language=en&param=HD065614			1 to 100
EDCS-08400705	CIL 12, 00129a (p 805) = CIL 12, 05715 = ILAlp-01, 00021 = CAG-73, p 92 = Rosso 00269	Alpes Graiae	Aime / Aime-en-Tarentaise / Axima	1	400	1	400	Augusti/Augustae;  tituli honorarii;  viri	Im[p(erator)	Imp	Imperator	lapis		45.5573093	6.6522217			http://db.edcs.eu/epigr/partner.php?s_language=en&param=HD065578			1 to 400
EDCS-08400706	CIL 12, 00129b (p 805) = ILAlp-01, 00022 = CAG-73, p 88	Alpes Graiae	Aime / Aime-en-Tarentaise / Axima	1	300	1	300		[3]R / [3]EL / [	R EL	R EL	lapis		45.5573093	6.6522217			http://db.edcs.eu/epigr/partner.php?s_language=en&param=HD065579			1 to 300
EDCS-08400707	CIL 12, 00129c = ILAlp-01, 00049 = CAG-73, p 93	Alpes Graiae	Aime / Aime-en-Tarentaise / Axima	1	300	1	300		]NL[3] / [3]SOBIV[	NL SOBIV	NL SOBIV	lapis		45.5573093	6.6522217			http://db.edcs.eu/epigr/partner.php?s_language=en&param=HD065628			1 to 300
EDCS-08400708	CIL 12, 00130 (p 805) = ILAlp-01, 00039 = CAG-73, p 98	Alpes Graiae	Aime / Aime-en-Tarentaise / Axima	51	100	51	100	tituli sepulcrales;  viri	[Dis] Ma[nibus(?)] / [3] fil[i]u[s	Ma fil us	Dis Manibus filius			45.5573093	6.6522217			http://db.edcs.eu/epigr/partner.php?s_language=en&param=HD065615			51 to 100
EDCS-09302658	CIL 12, 05711 = ILAlp-01, 00009 = CAG-73, p 88 = MEFR-2000-913	Alpes Graiae	Aime / Aime-en-Tarentaise / Axima	41	68	41	68	Augusti/Augustae;  tituli honorarii;  viri	Ti(beri) Cla]udi [Caesaris] / [Au]gusti [Germanici] / [Impe]ratoris [	Ti Claudi gusti ratoris	Tiberi Claudi Caesaris Augusti Germanici Imperatoris	lapis		45.5573093	6.6522217			http://db.edcs.eu/epigr/partner.php?s_language=en&param=HD065380			41 to 68
EDCS-09302659	CIL 12, 05712 = CIL 12, 05713 = ILAlp-01, 00010 = CAG-73, p 88 = MEFR-2000-913	Alpes Graiae	Aime / Aime-en-Tarentaise / Axima	69	79	69	79	Augusti/Augustae;  tituli honorarii;  viri	[Pr]o(?) [sal(ute) Imp(eratoris?)] / [Ve]spa[siani(?)] / [Ca]esar[is Aug(usti)] / [	o spa esar	Pro salute Imperatoris Vespasiani Caesaris Augusti	lapis		45.5573093	6.6522217			http://db.edcs.eu/epigr/partner.php?s_language=en&param=HD065381			69 to 79
EDCS-09302660	CIL 12, 05714 = ILAlp-01, 00019 = CAG-73, p 88 = Rosso 00263	Alpes Graiae	Aime / Aime-en-Tarentaise / Axima	301	400	301	400	Augusti/Augustae;  tituli honorarii;  viri	Bono [rei publicae] / nato v[ictori ac(?)] / conser[vatori orbis(?)] / d(omino) n(ostro) [	Bono nato v conser d n	Bono rei publicae nato victori ac conservatori orbis domino nostro	lapis		45.5573093	6.6522217			http://db.edcs.eu/epigr/partner.php?s_language=en&param=S2642;HD065576			301 to 400
EDCS-09302663	CIL 12, 05719 = ILAlp-01, 00044 = CAG-73, p 88	Alpes Graiae	Aime / Aime-en-Tarentaise / Axima	1	300	1	300		]DIS[	DIS	DIS	lapis		45.5573093	6.6522217			http://db.edcs.eu/epigr/partner.php?s_language=en&param=HD065620			1 to 300
EDCS-35200016	Epigraphica-1985-57	Alpes Graiae	Aime / Aime-en-Tarentaise / Axima					Augusti/Augustae;  litterae erasae;  tituli honorarii;  viri	Imp(eratori) Caes(ari) / [[[M(arco) Aurel(io) Carino]]] / Pio Fel(ici) [Invicto Aug(usto)	Imp Caes Pio Fel Invicto Aug	Imperatori Caesari Marco Aurelio Carino Pio Felici Invicto Augusto			45.5573093	6.6522217		http://db.edcs.eu/epigr/bilder.php?bilder.php?s_language=en&bild=$Epigraphica_1985_57.jpg				
EDCS-09100900	ILAlp-01, 00003 = CAG-73, p 95 = AE 1991, 01184 = AE 2003, +00019	Alpes Graiae	Aime / Aime-en-Tarentaise / Axima	211	212	211	212	litterae erasae;  ordo equester;  viri	I(ovi) O(ptimo) M(aximo) / Iunoni Reginae / Minervae / Soli Lunae / Herculi Graio / et dis praesidibus / huiusce provinciae [[3]]O[[3]] / proc(urator) Augg(ustorum)	I O M Iunoni Reginae Minervae Soli Lunae Herculi Graio et dis praesidibus huiusce provinciae O proc Augg	Iovi Optimo Maximo Iunoni Reginae Minervae Soli Lunae Herculi Graio et dis praesidibus huiusce provinciae O procurator Auggustorum	lapis		45.5573093	6.6522217			http://db.edcs.eu/epigr/partner.php?s_language=en&param=HD055307			211 to 212
EDCS-09100901	ILAlp-01, 00004 = ILGN 00015 = CBI 00044 = CAG-73, p 89 = AE 1910, 00119 = AE 2007, +00885	Alpes Graiae	Aime / Aime-en-Tarentaise / Axima	171	200	171	200	milites;  ordo equester;  tituli operum;  tituli sacri;  tria nomina;  viri	Marti Aug(usto) / T(itus) Accius T(iti) f(ilius) Q(uirina) Se/cundus Eburo/duni b(eneficiarius) P(ubli) Memmi / Clementis / proc(uratoris) Aug(usti) / v(otum) s(olvit) l(ibens) m(erito) / item templum de suo reno(vavit)	Marti Aug T Accius T f Q Secundus Eburoduni b P Memmi Clementis proc Aug v s l m item templum de suo reno	Marti Augusto Titus Accius Titi filius Quirina Secundus Eburoduni beneficiarius Publi Memmi Clementis procuratoris Augusti votum solvit libens merito item templum de suo renovavit	lapis		45.5573093	6.6522217		http://db.edcs.eu/epigr/bilder.php?bilder.php?s_language=en&bild=$CBI_00044.jpg	http://db.edcs.eu/epigr/partner.php?s_language=en&param=HD029805;1ae1910-29			171 to 200
EDCS-09100902	ILAlp-01, 00007 = CAG-73, p 101 = AE 1996, 00980	Alpes Graiae	Aime / Aime-en-Tarentaise / Axima	51	300	51	300	tituli sacri	] / v(otum) s(olvit) l(ibens) m(erito)	v s l m	votum solvit libens merito	lapis		45.5573093	6.6522217			http://db.edcs.eu/epigr/partner.php?s_language=en&param=HD050205			51 to 300
EDCS-09100903	ILAlp-01, 00008 = CAG-73, p 90 = Rosso 00255 = MEFR-2000-913 = AE 1969/70, 00332	Alpes Graiae	Aime / Aime-en-Tarentaise / Axima	2	3	2	3	Augusti/Augustae;  tituli honorarii;  tituli sacri;  viri	[I]mp(eratori) Caesari / divi f(ilio) Aug(usto) pont(ifici) / max(imo) trib(unicia) pot(estate) XXV	mp Caesari divi f Aug pont max trib pot XXV	Imperatori Caesari divi filio Augusto pontifici maximo tribunicia potestate XXV	lapis		45.5573093	6.6522217		http://db.edcs.eu/epigr/bilder.php?bilder.php?s_language=en&bild=$Rosso_00255.jpg	http://db.edcs.eu/epigr/partner.php?s_language=en&param=HD013597			2 to 3
EDCS-09100904	ILAlp-01, 00015 = CAG-73, p 88 = Rosso 00259 = MEFR-2000-914 = AE 1996, 00973	Alpes Graiae	Aime / Aime-en-Tarentaise / Axima	283	285	283	285	Augusti/Augustae;  litterae erasae;  ordo equester;  tituli honorarii;  tria nomina;  viri	Imp(eratori) Caes(ari) / [[[M(arco) Aurel(io) Carino]]] / Pio [Fel(ici)] Aug(usto) / Invic[to] tri(bunicia) / pot(estate) [3] co(n)s(uli) / [p(ontifici)] m(aximo) [F(oro) Cl(audienses)] / Ceutro(nes) publice / curante L[atini]/o(?) M[arti]nia[no(?) v(iro) e(gregio)] / VO[	Imp Caes Pio Aug Invic tri pot cos m Ceutro publice curante L o M nia VO	Imperatori Caesari Marco Aurelio Carino Pio Felici Augusto Invicto tribunicia potestate consuli pontifici maximo Foro Claudienses Ceutrones publice curante Latinio Martiniano viro egregio VO	lapis		45.5573093	6.6522217			http://db.edcs.eu/epigr/partner.php?s_language=en&param=S2612;HD050197			283 to 285
EDCS-09100905	ILAlp-01, 00016 = CAG-73, p 90 = Rosso 00260 = MEFR-2000-914 = AE 1948, 00163	Alpes Graiae	Aime / Aime-en-Tarentaise / Axima	282	283	282	283	Augusti/Augustae;  litterae erasae;  ordo equester;  tituli honorarii;  tria nomina;  viri	Imp(eratori) C[aes(ari) M(arco) Aur(elio)] / [[[Caro Pio Feli]]]/c(i) Invict[o Aug(usto)] / p(ontifici) max(imo) tri[b(unicia) po]/t(estate) co(n)s(uli) II p(atri) p(atriae) [F(oro) Cl(audienses)] / Ceutron[es] / publice c[ur]/ante Lati[nio] / Martini[ano] / [v(iro)] e(gregio) pr[oc(uratore)] / Aug(usti)	Imp C c Invict p max tri t cos II p p Ceutron publice c ante Lati Martini e pr Aug	Imperatori Caesari Marco Aurelio Caro Pio Felici Invicto Augusto pontifici maximo tribunicia potestate consuli II patri patriae Foro Claudienses Ceutrones publice curante Latinio Martiniano viro egregio procuratore Augusti	lapis		45.5573093	6.6522217		http://db.edcs.eu/epigr/bilder.php?bilder.php?s_language=en&bild=$AE_1948_00163.jpg	http://db.edcs.eu/epigr/partner.php?s_language=en&param=S2613;HD021777;1ae1948-62			282 to 283
EDCS-09100906	ILAlp-01, 00018 = CAG-73, p 100 = Rosso 00262 = MEFR-2000-914 = AE 1985, 00643	Alpes Graiae	Aime / Aime-en-Tarentaise / Axima	283	283	283	283	Augusti/Augustae;  litterae erasae;  tituli honorarii;  viri	Imp(eratori) Caesari / [[[M(arco) Aurel(io) Carino]]] / Pio Fel(ici) [Invict(o) Aug(usto)	Imp Caesari Pio Fel Invict Aug	Imperatori Caesari Marco Aurelio Carino Pio Felici Invicto Augusto	lapis		45.5573093	6.6522217		http://db.edcs.eu/epigr/bilder.php?bilder.php?s_language=en&bild=$Rosso_00262.jpg	http://db.edcs.eu/epigr/partner.php?s_language=en&param=S2641;HD002081			283 to 283
EDCS-09100907	ILAlp-01, 00023 = CAG-73, p 95 = Rosso 00265 = AE 1996, 00977	Alpes Graiae	Aime / Aime-en-Tarentaise / Axima	1	400	1	400	Augusti/Augustae;  tituli honorarii;  viri	] Aug(ustus?) [3] / [3 trib]un[icia potestate	Aug unicia potestate	Augustus tribunicia potestate	lapis		45.5573093	6.6522217			http://db.edcs.eu/epigr/partner.php?s_language=en&param=HD050202			1 to 400
EDCS-09100908	ILAlp-01, 00024 = CAG-73, p 95 = Rosso 00266 = AE 1996, 00976	Alpes Graiae	Aime / Aime-en-Tarentaise / Axima	1	300	1	300		] fil(io?) [3] / [3]NIC[	fil NIC	filio NIC	lapis		45.5573093	6.6522217			http://db.edcs.eu/epigr/partner.php?s_language=en&param=HD050201			1 to 300
EDCS-09100909	ILAlp-01, 00027 = CAG-73, p 90	Alpes Graiae	Aime / Aime-en-Tarentaise / Axima					Augusti/Augustae;  tituli sacri;  viri	]I[3] / [3 d]ivi V[espasiani(?) 3] / [3]ATI[	I ivi V ATI	I divi Vespasiani ATI			45.5573093	6.6522217						
EDCS-09100910	ILAlp-01, 00028 = CAG-73, p 87 = AE 1995, 01021	Alpes Graiae	Aime / Aime-en-Tarentaise / Axima	201	230	201	230	Augusti/Augustae;  milites;  ordo equester;  tituli honorarii;  tria nomina;  viri	T(ito) Flavio Fabia / Gemino / equo publ(ico) praef(ecto) coh(ortis) / primae Thracum equi/tatae tribun(o) cohor(tis) p[ri]/mae Dalmatarum |(miliariae) trib(uno) / eiusd(em) cohor(tis) vice ter[ti]ae / donis militarib(us) donato / ab Imp(eratore) Severo Aug(usto) in expe/ditione Parthic(a) proc(uratori) ad / census acceptandos in / provincia Belgica / proc(uratori) Alpium Atrectiana/rum et vallis Poeninae / curatori rei p(ublicae) August[a]nor(um) / Praetorianorum F(oro) Cl(audienses) C(eutrones)	T Flavio Fabia Gemino equo publ praef coh primae Thracum equitatae tribun cohor p mae Dalmatarum trib eiusd cohor vice ter ae donis militarib donato ab Imp Severo Aug in expeditione Parthic proc ad census acceptandos in provincia Belgica proc Alpium Atrectianarum et vallis Poeninae curatori rei p August nor Praetorianorum F Cl C	Tito Flavio Fabia Gemino equo publico praefecto cohortis primae Thracum equitatae tribuno cohortis primae Dalmatarum miliariae tribuno eiusdem cohortis vice tertiae donis militaribus donato ab Imperatore Severo Augusto in expeditione Parthica procuratori ad census acceptandos in provincia Belgica procuratori Alpium Atrectianarum et vallis Poeninae curatori rei publicae Augustanorum Praetorianorum Foro Claudienses Ceutrones	lapis		45.5573093	6.6522217		http://db.edcs.eu/epigr/bilder.php?bilder.php?s_language=en&bild=$AE_1995_01021.jpg	http://db.edcs.eu/epigr/partner.php?s_language=en&param=HD050852			201 to 230
EDCS-09100911	ILAlp-01, 00030 = CAG-73, p 93 = AE 1996, 00975	Alpes Graiae	Aime / Aime-en-Tarentaise / Axima	51	300	51	300	ordo decurionum;  tituli honorarii	]rrio Albuci[o] / [3]ttonio Satto[n()] / [3] magistris	rrio Albuci ttonio Satto magistris	rrio Albucio ttonio Satton magistris	lapis		45.5573093	6.6522217			http://db.edcs.eu/epigr/partner.php?s_language=en&param=HD050199			51 to 300
EDCS-09100912	ILAlp-01, 00032 = CAG-73, p 98 = AE 1955, 00113	Alpes Graiae	Aime / Aime-en-Tarentaise / Axima	1	89	1	89	milites;  tituli sepulcrales;  tria nomina;  viri	[T(ito)] Corn(elio) / Titi f(ilio) Pomp(tina) / Flavo / mil(iti) c(o)h(ortis) primae c(ivium) R(omanorum) / |(centuria) C(ai) Muci / Clementis / C[	Corn Titi f Pomp Flavo mil ch primae c R C Muci Clementis C	Tito Cornelio Titi filio Pomptina Flavo militi cohortis primae civium Romanorum centuria Cai Muci Clementis C	lapis		45.5573093	6.6522217		http://db.edcs.eu/epigr/bilder.php?bilder.php?s_language=en&bild=$AE_1955_00113.jpg	http://db.edcs.eu/epigr/partner.php?s_language=en&param=HD019317;bu_AE%26bibl_volume=1955%26bibl_subvolume=%26bibl_insc=113			1 to 89
EDCS-09100913	ILAlp-01, 00037 = CAG-73, p 98 = AE 1996, 00978	Alpes Graiae	Aime / Aime-en-Tarentaise / Axima	101	200	101	200	mulieres;  tituli sepulcrales;  tria nomina;  viri	D(is) M(anibus) / Valeria Valentina / M(arco) Titio Carpophoro / coniugi dulcissimo et / Val(erius) Valentinus patri pi/entissimo bene merenti fec/erunt	D M Valeria Valentina M Titio Carpophoro coniugi dulcissimo et Val Valentinus patri pientissimo bene merenti fecerunt	Dis Manibus Valeria Valentina Marco Titio Carpophoro coniugi dulcissimo et Valerius Valentinus patri pientissimo bene merenti fecerunt	lapis		45.5573093	6.6522217			http://db.edcs.eu/epigr/partner.php?s_language=en&param=HD050203;bu_AE%26bibl_volume=1996%26bibl_subvolume=%26bibl_insc=978			101 to 200
EDCS-09100914	ILAlp-01, 00043 = CAG-73, p 90	Alpes Graiae	Aime / Aime-en-Tarentaise / Axima	1	300	1	300		]CE[	CE	CE	lapis		45.5573093	6.6522217			http://db.edcs.eu/epigr/partner.php?s_language=en&param=HD065619			1 to 300
EDCS-09100915	ILAlp-01, 00045	Alpes Graiae	Aime / Aime-en-Tarentaise / Axima	1	300	1	300		]I M[	I M	I M	lapis		45.5573093	6.6522217			http://db.edcs.eu/epigr/partner.php?s_language=en&param=HD065621			1 to 300
EDCS-09100916	ILAlp-01, 00047 = CAG-73, p 100 = AE 1996, 00979	Alpes Graiae	Aime / Aime-en-Tarentaise / Axima	51	300	51	300		]MATR[	MATR	MATR	lapis		45.5573093	6.6522217			http://db.edcs.eu/epigr/partner.php?s_language=en&param=HD050204			51 to 300
EDCS-09100917	ILAlp-01, 00050 = CAG-73, p 93	Alpes Graiae	Aime / Aime-en-Tarentaise / Axima	41	300	41	300		] / Q[3] / SE[3] / [	Q SE	Q SE	lapis		45.5573093	6.6522217			http://db.edcs.eu/epigr/partner.php?s_language=en&param=HD065629			41 to 300
EDCS-09100918	ILAlp-01, 00051 = CAG-73, p 90	Alpes Graiae	Aime / Aime-en-Tarentaise / Axima	41	300	41	300		]VR[	VR	VR	lapis		45.5573093	6.6522217			http://db.edcs.eu/epigr/partner.php?s_language=en&param=HD065630			41 to 300
EDCS-67300016	Rosso 00264	Alpes Graiae	Aime / Aime-en-Tarentaise / Axima	171	400	171	400	Augusti/Augustae;  litterae erasae;  tituli honorarii;  viri	Imp(eratori) [C]aes(ari) / [[6]] / Pio [Fel(ici) A]ug(usto) / [	Imp aes Pio ug	Imperatori Caesari Pio Felici Augusto	lapis		45.5573093	6.6522217			http://db.edcs.eu/epigr/partner.php?s_language=en&param=HD066793			171 to 400
EDCS-46400285	ZPE-160-259 = AE 2007, 00911	Alpes Graiae	Aime / Aime-en-Tarentaise / Axima	1	100	1	100		]li[3] / [3]lico [3] / [3]i / [3]VOD[	li lico i VOD	li lico i VOD	lapis		45.5573093	6.6522217		http://db.edcs.eu/epigr/bilder.php?bilder.php?s_language=en&bild=$ZPE-160-259.jpg	http://db.edcs.eu/epigr/partner.php?s_language=en&param=HD065647			1 to 100
EDCS-08400674	CIL 12, 00099 = ILAlp-01, 00053 = CAG-73, p 130	Alpes Graiae	Bourg-Saint-Maurice / Bergintrum / Axima	1	300	1	300	tituli sacri	Herculi [	Herculi	Herculi			45.6185284	6.7694313			http://db.edcs.eu/epigr/partner.php?s_language=en&param=HD065632			1 to 300
EDCS-08400682	CIL 12, 00107 (p 805) = ILAlp-01, 00054 = D 05868 (p 186) = Horster p 366 = CAG-73, p 131 = AE 1996, 00981 = AE 2009, +00803	Alpes Graiae	Bourg-Saint-Maurice / Bergintrum / Axima	162	163	162	163	Augusti/Augustae;  tituli operum;  viri	[Imp(erator) Caes(ar) Marcus] / [Aurelius Antoninus] / [Aug(ustus) trib(unicia) potest(ate) XVII] / [co(n)s(ul) III pont(ifex) max(imus) p(ater) p(atriae) et] / Imp(erator) Caes(ar) Lu[cius] / Aurelius Verus Au[g(ustus)] / [tr]ib(unicia) potest(ate) III co(n)s(ul) II / [vi]as per fines Ceutro/[n]um vi torrentium / [ev]ersas exclusis / [flu]minibus et in na[tu]/[ra]lem alveum redu[ctis] / [m]olibus plurib[us locis] / [opp]ositis item po[ntes] / [tem]pla et balin[ea] / [pec(unia)] sua resti[tuer(unt)]	Imp Caes Lu Aurelius Verus Au ib potest III cos II as per fines Ceutro um vi torrentium ersas exclusis minibus et in na lem alveum redu olibus plurib ositis item po pla et balin sua resti	Imperator Caesar Marcus Aurelius Antoninus Augustus tribunicia potestate XVII consul III pontifex maximus pater patriae et Imperator Caesar Lucius Aurelius Verus Augustus tribunicia potestate III consul II vias per fines Ceutronum vi torrentium eversas exclusis fluminibus et in naturalem alveum reductis molibus pluribus locis oppositis item pontes templa et balinea pecunia sua restituerunt	lapis		45.6185284	6.7694313		http://db.edcs.eu/epigr/bilder.php?bilder.php?s_language=en&bild=$CIL_12_00107.jpg	http://db.edcs.eu/epigr/partner.php?s_language=en&param=HD065633;de-b0443			162 to 163
EDCS-08400695	CIL 12, 00119 (p 805) = ILAlp-01, 00055	Alpes Graiae	Bourg-Saint-Maurice / Bergintrum / Axima	1	300	1	300	tituli honorarii	Ceutro[nes	Ceutrones	Ceutrones			45.6185284	6.7694313			http://db.edcs.eu/epigr/partner.php?s_language=en&param=HD065634			1 to 300
EDCS-23900150	AE 2001, 01305	Alpes Graiae	Chamoson	1	300	1	300	nomen singulare;  tituli fabricationis;  viri	Apronius f(ecit)	Apronius f	Apronius fecit	ferrum		46.2013342	7.2232538			http://db.edcs.eu/epigr/partner.php?s_language=en&param=HD046897			1 to 300
EDCS-05400142	CIL 05, 06896 = Pais 00922 = InscrIt-11-01, 00116 = IAugPraetoria 00057 = SupIt-31, p 322	Alpes Graiae	Chatel Argent	1	100	1	100	liberti/libertae;  milites;  mulieres;  ordo decurionum;  seviri Augustales;  tituli sepulcrales;  tria nomina;  viri	Q(uinto) Pet[i]llio / Ero[ti] avo / Petilliae Q(uinti) l(ibertae) / Fausta[e] aviae / Q(uinto) Petillio Clementi / patri VIvir(o) / L(ucio) Petillio Mar[tiali] / fratri / Firmiae Q(uinti) f(iliae) Ter[tull]ae / matri / Salvi[ae] Lascivae uxori / Q(uintus) Petillius Q(uinti) f(ilius) / Saturninus / mil(es) leg(ionis) XXII / Primigeniae / VIvir Augustal(is) aedil(is) / IIvir testamento / fieri rogavit / arbitratu / Q(uinti) Petilli Q(uinti) l(iberti) Suri	Q Pet llio Ero avo Petilliae Q l Fausta aviae Q Petillio Clementi patri VI vir L Petillio Mar fratri Firmiae Q f Ter ae matri Salvi Lascivae uxori Q Petillius Q f Saturninus mil leg XXII Primigeniae VI vir Augustal aedil II vir testamento fieri rogavit arbitratu Q Petilli Q l Suri	Quinto Petillio Eroti avo Petilliae Quinti libertae Faustae aviae Quinto Petillio Clementi patri VI viro Lucio Petillio Martiali fratri Firmiae Quinti filiae Tertullae matri Salviae Lascivae uxori Quintus Petillius Quinti filius Saturninus miles legionis XXII Primigeniae VI vir Augustalis aedilis II vir testamento fieri rogavit arbitratu Quinti Petilli Quinti liberti Suri	lapis		45.7020658	7.21123618		http://db.edcs.eu/epigr/bilder.php?bilder.php?s_language=en&bild=$InscrIt_11_01_00116.jpg;pp	http://db.edcs.eu/epigr/partner.php?s_language=en&param=cil05_p765;N169816			1 to 100
EDCS-05400144	CIL 05, 06898 = InscrIt-11-01, 00115 = IAugPraetoria 00056 = SupIt-31, p 322	Alpes Graiae	Chatel Argent					mulieres;  tituli sepulcrales;  tria nomina	D(is) M(anibus) / T() Iustinae / filius pien/tissimus / et nur(us) / pientissim/a posuerunt	D M T Iustinae filius pientissimus et nur pientissima posuerunt	Dis Manibus T Iustinae filius pientissimus et nurus pientissima posuerunt	lapis		45.7020658	7.21123618			http://db.edcs.eu/epigr/partner.php?s_language=en&param=cil05_p766;N169815;bu_InscrIt%26bibl_volume=11%26bibl_subvolume=1%26bibl_insc=115			
EDCS-08400675	CIL 12, 00100 = ILAlp-01, 00056 = D 04840 = CAG-73, p 153	Alpes Graiae	La Cote-d'Aime / Axima	1	150	1	150	tituli sacri;  tria nomina;  viri	Matro/nis Axi/mo L(ucius) / Iulius / Marcelli/nus v(otum) s(olvit) l(ibens) m(erito)	Matronis Aximo L Iulius Marcellinus v s l m	Matronis Aximo Lucius Iulius Marcellinus votum solvit libens merito	lapis		45.567100	6.666970		http://db.edcs.eu/epigr/bilder.php?bilder.php?s_language=en&bild=$CIL_12_00100.jpg	http://db.edcs.eu/epigr/partner.php?s_language=en&param=HD065635;de-b0239			1 to 150
EDCS-46400284	ZPE-160-256 = AE 2007, 00910	Alpes Graiae	Longefoy / Forum Claudii Ceutronum	1	300	1	300	tituli sacri	] / Aug(usto?) [sacr(um?)] / Foro Cla[udienses] / Ceutr[ones] / publ[ice] / d(ederunt?) [d(edicaverunt?)]	Aug Foro Cla Ceutr publ d	Augusto sacrum Foro Claudienses Ceutrones publice dederunt dedicaverunt	lapis		45.5377416	6.626973		http://db.edcs.eu/epigr/bilder.php?bilder.php?s_language=en&bild=$ZPE-160-256.jpg	http://db.edcs.eu/epigr/partner.php?s_language=en&param=HD065644			1 to 300
EDCS-54400047	CAG-73, p 177	Alpes Graiae	Macot-la-Plagne / Forum Claudii Ceutronum					sigilla impressa	CLXXVIII / CCCLXXXI	CLXXVIII CCCLXXXI	CLXXVIII CCCLXXXI	opus figlinae		45.554400	6.677880						
EDCS-54400048	CAG-73, p 177	Alpes Graiae	Macot-la-Plagne / Forum Claudii Ceutronum					sigilla impressa;  tituli fabricationis	FO	FO	FO	opus figlinae		45.554400	6.677880						
EDCS-65600077	Lusoria-05, 00048	Alpes Graiae	Macot-la-Plagne / Forum Claudii Ceutronum						[Da lus]ori lo[cu(m)] / [luder]e nesci[s] / [3] rece<d=R>[e]	ori lo e nesci receR	Da lusori locum ludere nescis recede			45.554400	6.677880						
EDCS-46600289	ZPE-160-260 = AE 2007, 00912	Alpes Graiae	Macot-la-Plagne / Forum Claudii Ceutronum	101	200	101	200	tituli sepulcrales	m]arito / [dul]cissimo	marito cissimo	marito dulcissimo	lapis		45.554400	6.677880		http://db.edcs.eu/epigr/bilder.php?bilder.php?s_language=en&bild=$ZPE-160-260.jpg	http://db.edcs.eu/epigr/partner.php?s_language=en&param=HD065648			101 to 200
EDCS-54400051	CAG-73, p 183	Alpes Graiae	Moutiers / Darantasia					nomen singulare;  sigilla impressa;  tituli fabricationis;  viri	Advocisi	Advocisi	Advocisi	opus figlinae		45.4849883	6.5340061						
EDCS-54400061	CAG-73, p 183	Alpes Graiae	Moutiers / Darantasia					mulieres;  sigilla impressa;  tituli fabricationis;  tria nomina	Mac() Martia	Mac Martia	Mac Martia	opus figlinae		45.4849883	6.5340061						
EDCS-54400060	CAG-73, p 183	Alpes Graiae	Moutiers / Darantasia					nomen singulare;  sigilla impressa;  tituli fabricationis;  viri	Seuvo fec(it)	Seuvo fec	Seuvo fecit	opus figlinae		45.4849883	6.5340061						
EDCS-54400059	CAG-73, p 183	Alpes Graiae	Moutiers / Darantasia					nomen singulare;  sigilla impressa;  tituli fabricationis;  viri	Pegasus f(ecit)	Pegasus f	Pegasus fecit	opus figlinae		45.4849883	6.5340061						
EDCS-54400058	CAG-73, p 183	Alpes Graiae	Moutiers / Darantasia					nomen singulare;  sigilla impressa;  tituli fabricationis;  viri	Maximus f(ecit)	Maximus f	Maximus fecit	opus figlinae		45.4849883	6.5340061						
EDCS-54400057	CAG-73, p 183	Alpes Graiae	Moutiers / Darantasia					nomen singulare;  sigilla impressa;  tituli fabricationis;  viri	Catullus f(ecit)	Catullus f	Catullus fecit	opus figlinae		45.4849883	6.5340061						
EDCS-54400056	CAG-73, p 183	Alpes Graiae	Moutiers / Darantasia					nomen singulare;  sigilla impressa;  tituli fabricationis;  viri	Buddarus	Buddarus	Buddarus	opus figlinae		45.4849883	6.5340061						
EDCS-54400055	CAG-73, p 183	Alpes Graiae	Moutiers / Darantasia					nomen singulare;  sigilla impressa;  tituli fabricationis;  viri	Annus f(ecit)	Annus f	Annus fecit	opus figlinae		45.4849883	6.5340061						
EDCS-54400054	CAG-73, p 183	Alpes Graiae	Moutiers / Darantasia					nomen singulare;  sigilla impressa;  tituli fabricationis;  viri	Paullus f(ecit)	Paullus f	Paullus fecit	opus figlinae		45.4849883	6.5340061						
EDCS-54400053	CAG-73, p 183	Alpes Graiae	Moutiers / Darantasia					nomen singulare;  sigilla impressa;  tituli fabricationis;  viri	Advocisius	Advocisius	Advocisius	opus figlinae		45.4849883	6.5340061						
EDCS-54400052	CAG-73, p 183	Alpes Graiae	Moutiers / Darantasia					nomen singulare;  sigilla impressa;  tituli fabricationis;  viri	Celsiani m(anu)	Celsiani m	Celsiani manu	opus figlinae		45.4849883	6.5340061						
EDCS-03000569	CAG-73, p 184 = AE 1996, 00984	Alpes Graiae	Moutiers / Darantasia	501	600	501	600	inscriptiones christianae;  mulieres;  nomen singulare;  tituli sepulcrales	Hic requie[scit] / in pace bon(a)e me[mo]/riae Galla qui(!) [vi]/xit ann<o=U>s XXV / obiit quinto Id[u]s / Septembres / indi<ct=X>ione / XIII	Hic requie in pace bone me riae Galla qui xit annUs XXV obiit quinto Id s Septembres indiXione XIII	Hic requiescit in pace bonae memoriae Galla qui vixit annos XXV obiit quinto Idus Septembres indictione XIII	lapis		45.4849883	6.5340061			http://db.edcs.eu/epigr/partner.php?s_language=en&param=HD061886;bu_AE%26bibl_volume=1996%26bibl_subvolume=%26bibl_insc=984			501 to 600
EDCS-08400691	CIL 12, 00115 = ILAlp-01, 00060 = CAG-73, p 183	Alpes Graiae	Moutiers / Darantasia	71	300	71	300		] / cura[nte(?) 3] / [3]PRAE[	cura PRAE	curante PRAE	lapis		45.4849883	6.5340061			http://db.edcs.eu/epigr/partner.php?s_language=en&param=HD065637			71 to 300
EDCS-08400702	CIL 12, 00126 = ILAlp-01, 00062 = CAG-73, p 184	Alpes Graiae	Moutiers / Darantasia	101	300	101	300	tituli sepulcrales;  tria nomina;  viri	Valerio Thre/p[t]o M[	Valerio Threp o M	Valerio Threpto M			45.4849883	6.5340061			http://db.edcs.eu/epigr/partner.php?s_language=en&param=HD065638			101 to 300
EDCS-32803698	CIL 12, 05686,1007	Alpes Graiae	Moutiers / Darantasia	1	300	1	300	sigilla impressa;  tituli fabricationis	]aviz	aviz	aviz	opus figlinae		45.4849883	6.5340061			http://db.edcs.eu/epigr/partner.php?s_language=en&param=HD066616			1 to 300
EDCS-09302661	CIL 12, 05717 = ILAlp-01, 00058 = CAG-73, p 184	Alpes Graiae	Moutiers / Darantasia	1	200	1	200	ordo equester;  tituli honorarii;  viri	[3]s Gratus proc(urator) Aug(usti)	s Gratus proc Aug	s Gratus procurator Augusti	lapis		45.4849883	6.5340061			http://db.edcs.eu/epigr/partner.php?s_language=en&param=HD065636			1 to 200
EDCS-09302664	CIL 12, 05720 = CAG-73, p 184	Alpes Graiae	Moutiers / Darantasia	561	561	561	561	tituli sepulcrales	] a s(a)ec[ulo] / [tran]si<i=E>t K(a)len[dis] / [3]S vicies pos[t] / [consul]at<u=O>(m) Basilii Iu[nioris] / [3] indic<t=X>ione X[	a sec siEt Klen S vicies pos atO Basilii Iu indicXione X	a saeculo transiit Kalendis S vicies post consulatum Basilii Iunioris indictione X			45.4849883	6.5340061			http://db.edcs.eu/epigr/partner.php?s_language=en&param=HD066617;bu_CIL%26bibl_volume=12%26bibl_subvolume=%26bibl_insc=5720			561 to 561
EDCS-09100919	ILAlp-01, 00057 = ILGN 00017 = D 09333 = CAG-73, p 184 = CCCA-05, 00404 = MEFR-1978-788 = MEFR-2000-914 = AE 1904, 00140 = AE 1905, 00217 = AE 1978, 00453	Alpes Graiae	Moutiers / Darantasia	151	200	151	200	tituli sacri;  tria nomina;  viri	Numinibus / Augg(ustorum) / Matri deum / et Matronis / Salvennis / T(itus) Romanius / Mercator / ex voto // [3]quadus // Trid[3] // [3]bis	Numinibus Augg Matri deum et Matronis Salvennis T Romanius Mercator ex voto quadus Trid bis	Numinibus Auggustorum Matri deum et Matronis Salvennis Titus Romanius Mercator ex voto quadus Trid bis			45.4849883	6.5340061		http://db.edcs.eu/epigr/bilder.php?bilder.php?s_language=en&bild=$D_09333.jpg;$D_09333_1.jpg	http://db.edcs.eu/epigr/partner.php?s_language=en&param=HD004814;de-c0116;1ae1904-36;1ae1905-54			151 to 200
EDCS-09100920	ILAlp-01, 00059 = CAG-73, p 182 = AE 1996, 00982	Alpes Graiae	Moutiers / Darantasia	51	300	51	300	liberti/libertae;  mulieres;  tituli sepulcrales;  tria nomina;  viri	]IEVAE DVTI Iulia[3] / [3]onis fil(io) Valentin[3] / [3]iiae Lucanae lib(ertae) [3] / [3]iae Rufini fil(iae) uxo[r(i?) 3] / [3]artio quae [3] / [3]C F[	IEVAE DVTI Iulia onis fil Valentin iiae Lucanae lib iae Rufini fil uxo artio quae C F	IEVAE DVTI Iulia onis filio Valentin iiae Lucanae libertae iae Rufini filiae uxori artio quae C F	lapis		45.4849883	6.5340061			http://db.edcs.eu/epigr/partner.php?s_language=en&param=HD050206			51 to 300
EDCS-09100921	ILAlp-01, 00061 = CAG-73, p 182 = AE 1996, 00983	Alpes Graiae	Moutiers / Darantasia	51	300	51	300	tituli sepulcrales	]ONIBITV[3] / [3]IIAE VALE[3] / [3]IAE E[	ONIBITV IIAE VALE IAE E	ONIBITV IIAE VALE IAE E	lapis		45.4849883	6.5340061			http://db.edcs.eu/epigr/partner.php?s_language=en&param=HD050207			51 to 300
EDCS-08400689	CIL 12, 00113 (p 805) = ILHSavoie 00082 = D 05957 = ILN-05-02, 00546 = CAG-74, p 285 = AE 2010, +00058	Alpes Graiae	Passy	74	74	74	74	Augusti/Augustae;  milites;  ordo senatorius;  termini;  tria nomina;  viri	Ex auctoritat[e] / Imp(eratoris) Caes(aris) Vespasian[i] / Aug(usti) pontificis max(imi) / trib(unicia) potest(ate) V co(n)s(ulis) V / desig(nati) VI p(atris) p(atriae) / Cn(aeus) Pinarius Cornel(ius) / Clemens leg(atus) eius pro pr(aetore) / exercitus Germanici / superioris inter / Viennenses et Ceutronas / terminavit	Ex auctoritat Imp Caes Vespasian Aug pontificis max trib potest V cos V desig VI p p Cn Pinarius Cornel Clemens leg eius pro pr exercitus Germanici superioris inter Viennenses et Ceutronas terminavit	Ex auctoritate Imperatoris Caesaris Vespasiani Augusti pontificis maximi tribunicia potestate V consulis V designati VI patris patriae Cnaeus Pinarius Cornelius Clemens legatus eius pro praetore exercitus Germanici superioris inter Viennenses et Ceutronas terminavit	lapis		45.9234886	6.6859905		http://db.edcs.eu/epigr/bilder.php?bilder.php?s_language=en&bild=$ILN-05-02_00546.jpg	http://db.edcs.eu/epigr/partner.php?s_language=en&param=HD065257;de-b0468			74 to 74
EDCS-09200761	CIL 12, 02349 = ILHSavoie 00079 = ILN-05-02, 00547	Alpes Graiae	Passy					ordo decurionum;  sacerdotes pagani;  tituli sacri;  tria nomina;  viri	Marti / A(ulus) Isugius A(uli) f(ilius) / Volt(inia) Vaturus / flamen Aug(usti) / IIvir aerari(i) / ex voto	Marti A Isugius A f Volt Vaturus flamen Aug II vir aerari ex voto	Marti Aulus Isugius Auli filius Voltinia Vaturus flamen Augusti II vir aerarii ex voto			45.9234886	6.6859905		http://db.edcs.eu/epigr/bilder.php?bilder.php?s_language=en&bild=$ILN-05-02_00547.jpg				
EDCS-09200762	CIL 12, 02350 = ILHSavoie 00080 = ILN-05-02, 00548	Alpes Graiae	Passy					ordo decurionum;  tituli sacri;  tria nomina;  viri	Marti Aug(usto) / pro salute / L(uci) Vibi L(uci) fil(ii) / Flavini / L(ucius) Vibius Vestinus / pater / IIvir iur(e) dic(undo) / IIIvir loc(orum) p(ublicorum) p(ersequendorum) / ex voto	Marti Aug pro salute L Vibi L fil Flavini L Vibius Vestinus pater II vir iur dic III vir loc p p ex voto	Marti Augusto pro salute Luci Vibi Luci filii Flavini Lucius Vibius Vestinus pater II vir iure dicundo III vir locorum publicorum persequendorum ex voto			45.9234886	6.6859905		http://db.edcs.eu/epigr/bilder.php?bilder.php?s_language=en&bild=$ILN-05-02_00548.jpg				
EDCS-11501887	ILHSavoie 00081 = ILN-05-02, 00549 = CAG-74, p 287 = AE 1934, 00168	Alpes Graiae	Passy					ordo decurionum;  sacerdotes pagani;  tituli sacri;  tria nomina;  viri	Marti Aug(usto) / M(arcus) Arrius C(ai) [f(ilius)] / [V]olt(inia) Gemell[us] / [q]ua[est]or n(ummorum) p(ublicorum) / [IIvir] aerar[ii] / [flamen] Marti[s] / [3 h]onorib[us] / [3]ICA[3] sunt / V[3]CON[3] / voti com[pos]	Marti Aug M Arrius C olt Gemell ua or n p aerar Marti onorib ICA sunt V CON voti com	Marti Augusto Marcus Arrius Cai filius Voltinia Gemellus quaestor nummorum publicorum II vir aerarii flamen Martis honoribus ICA sunt V CON voti compos			45.9234886	6.6859905		http://db.edcs.eu/epigr/bilder.php?bilder.php?s_language=en&bild=$ILN-05-02_00549.jpg	http://db.edcs.eu/epigr/partner.php?s_language=en&param=HD026965;1ae1934-46			
EDCS-08400701	CIL 12, 00125 = CAG-73, p 202	Alpes Graiae	Saint-Sorlin-d'Arves / Axima	171	200	171	200	tituli sepulcrales;  tria nomina;  viri	D(is) M(anibus) / Pompeius Felix / vixit annis XXXVII / m(ensibus) II diebus VIII / fecit Val(erius) Martial(us) / civi et amico / bene merenti	D M Pompeius Felix vixit annis XXXVII m II diebus VIII fecit Val Martial civi et amico bene merenti	Dis Manibus Pompeius Felix vixit annis XXXVII mensibus II diebus VIII fecit Valerius Martialus civi et amico bene merenti	lapis		45.221393	6.229047			http://db.edcs.eu/epigr/partner.php?s_language=en&param=HD065259			171 to 200
EDCS-09302655	CIL 12, 05708 = ILAlp-01, 00065 = CAG-73, p 204 = AE 1902, +00090 = ILGN +00015	Alpes Graiae	Salins-les-Thermes / Tarantasia	197	211	197	211	Augusti/Augustae;  tituli honorarii;  viri	Impp(eratores) Severus et Antoninus / [	Impp Severus et Antoninus	Impperatores Severus et Antoninus			45.474300	6.529590			http://db.edcs.eu/epigr/partner.php?s_language=en&param=HD065641;1ae1902-25			197 to 211
EDCS-09302656	CIL 12, 05709 = ILAlp-01, 00066 = CAG-73, p 204 = ILGN +00015 = MEFR-2000-913 = AE 1902, +00090	Alpes Graiae	Salins-les-Thermes / Tarantasia	193	211	193	211	mulieres;  tria nomina	] / ex reditu suo Iuliae Augustae ex aere proprio / [	ex reditu suo Iuliae Augustae ex aere proprio	ex reditu suo Iuliae Augustae ex aere proprio			45.474300	6.529590			http://db.edcs.eu/epigr/partner.php?s_language=en&param=HD065642;1ae1902-25			193 to 211
EDCS-09302657	CIL 12, 05710 = ILAlp-01, 00063 = CAG-73, p 204 = AE 1902, +00090 = ILGN +00015 = AE 2003, +00019	Alpes Graiae	Salins-les-Thermes / Tarantasia	1	300	1	300	tituli sacri	] / ex voto Herculeio Graio / [	ex voto Herculeio Graio	ex voto Herculeio Graio			45.474300	6.529590			http://db.edcs.eu/epigr/partner.php?s_language=en&param=HD065639;1ae1902-25			1 to 300
EDCS-09302662	CIL 12, 05718 = ILAlp-01, 00067 = CAG-73, p 214	Alpes Graiae	Salins-les-Thermes / Tarantasia	101	130	101	130	mulieres;  nomen singulare;  tituli sepulcrales;  tria nomina;  viri	Dis Manibus / Ti(berius) Claudius Artemidori f(ilius) / Quir(ina) Phoebus Tiberio/politanus viv<u=O>s sibi / et Piliae(?) Fidae Vasiensi / uxori carissimae	Dis Manibus Ti Claudius Artemidori f Quir Phoebus Tiberiopolitanus vivOs sibi et Piliae Fidae Vasiensi uxori carissimae	Dis Manibus Tiberius Claudius Artemidori filius Quirina Phoebus Tiberiopolitanus vivus sibi et Piliae Fidae Vasiensi uxori carissimae	lapis		45.474300	6.529590			http://db.edcs.eu/epigr/partner.php?s_language=en&param=HD065643;bu_CIL%26bibl_volume=12%26bibl_subvolume=%26bibl_insc=5718			101 to 130
EDCS-09100922	ILAlp-01, 00064 = CAG-73, p 203 = AE 1959, 00134	Alpes Graiae	Salins-les-Thermes / Tarantasia	1	100	1	100	tituli sacri;  tria nomina;  viri	Mantouno / ex voto / Sex(tus) Indutius C(ai) f(ilius) / Gratus	Mantouno ex voto Sex Indutius C f Gratus	Mantouno ex voto Sextus Indutius Cai filius Gratus	aes		45.474300	6.529590			http://db.edcs.eu/epigr/partner.php?s_language=en&param=HD019297			1 to 100
EDCS-13302683	AE 1959, 00135	Alpes Graiae	Val-d'Isere	1	300	1	300	nomen singulare;  viri	Leitomarus	Leitomarus	Leitomarus			45.4498666	6.9804421			http://db.edcs.eu/epigr/partner.php?s_language=en&param=HD019300			1 to 300
EDCS-08400694	CIL 12, 00118 (p 804) = ILAlp-01, 00036 = CAG-73, p 100 = MEFR-2007-185	Alpes Graiae	Villette / Axima	151	250	151	250	mulieres;  tituli sepulcrales;  tria nomina;  viri	D(is) M(anibus) / L(uci) Exomni Macrini Rustici fili(i) hic Bri/gantione geniti annorum XVI in studi(i)s / valle Poenina vita functi reliquis eiu[s] / [huc] delatis Nigria Marca mater fili[o] / [pient]issimo et sibi viva faciendum / curavit	D M L Exomni Macrini Rustici fili hic Brigantione geniti annorum XVI in studis valle Poenina vita functi reliquis eiu delatis Nigria Marca mater fili issimo et sibi viva faciendum curavit	Dis Manibus Luci Exomni Macrini Rustici filii hic Brigantione geniti annorum XVI in studiis valle Poenina vita functi reliquis eius huc delatis Nigria Marca mater filio pientissimo et sibi viva faciendum curavit	lapis		45.5469919	6.6079469		http://db.edcs.eu/epigr/bilder.php?bilder.php?s_language=en&bild=$CIL_12_00118.jpg	http://db.edcs.eu/epigr/partner.php?s_language=en&param=HD065613;bu_CIL%26bibl_volume=12%26bibl_subvolume=%26bibl_insc=118			151 to 250
EDCS-09500292	CIL 17-02, 00125 = CIL 12, 05529 = IR-01, 00016	Alpes Graiae	Villette / Axima	306	337	306	337	Augusti/Augustae;  miliaria;  tituli sacri;  viri	[Imp(eratori) Caes(ari) Fl(avio) Val(erio)] / [Constantino Pio] / [Fel(ici) Invicto A]ug(usto) divi Constan/tii Pii filio / [	ug divi Constantii Pii filio	Imperatori Caesari Flavio Valerio Constantino Pio Felici Invicto Augusto divi Constantii Pii filio	lapis		45.5469919	6.6079469			http://db.edcs.eu/epigr/partner.php?s_language=en&param=HD066513			306 to 337
